Marca,Categoria,SubCategoria,SubCategoria_Auxiliar,Codigo,Articulo,Disponible,L4,IVA,Deposito
ACER,Informática,Computadoras,Notebook,4711121020384,"NB ACER ASPIRE VERO 15.6"" I7-1195G7 16GB 512GB W11 FHD",1,1642.0,002-I.V.A. 10.5 %,01-DH.Principal Vtas.
ACER,Informática,Computadoras,Notebook,ACER-SF314-42-R6 YC,"NB ACER SWIFT 3 14"" R5-4500U 8GB 256GB W10 ING (SIN ADAPTADOR)",1,1722.09,002-I.V.A. 10.5 %,01-DH.Principal Vtas.
AKRACING,Informática,Gaming,Sillas,853845007679,SILLA AKR OCTANE RED,69,703.23,001-I.V.A. 21 %,01-DH.Principal Vtas.
AKRACING,Informática,Gaming,Sillas,853845007693,SILLA AKR OCTANE BLUE,42,703.09,001-I.V.A. 21 %,01-DH.Principal Vtas.
AKRACING,Informática,Gaming,Sillas,853845007709,SILLA AKR OCTANE WHITE,19,715.76,001-I.V.A. 21 %,01-DH.Principal Vtas.
AMAZON,Audio,Parlante Bluetooth,,841667166834,PARLANTE INTELIGENTE BT AMAZON ECHO DOT 3 WIFI NEGRO,-1,100.14,001-I.V.A. 21 %,01-DH.Principal Vtas.
AMAZON,Audio,Parlante Bluetooth,,B07XJ8C8F5,PARLANTE INTELIGENTE BT AMAZON ECHO DOT 4 WIFI NEGRO CARBON,0,114.34,001-I.V.A. 21 %,01-DH.Principal Vtas.
AMAZON,Audio,Parlante Bluetooth,,B084J4KNDS,PARLANTE INTELIGENTE BT AMAZON ECHO DOT 4 WIFI BLANCO GLACIAR,0,114.34,001-I.V.A. 21 %,01-DH.Principal Vtas.
AMAZON,Audio,Parlante Bluetooth,,B084J4MZK8,PARLANTE INTELIGENTE BT AMAZON ECHO DOT 4 WIFI AZUL,0,114.34,001-I.V.A. 21 %,01-DH.Principal Vtas.
AMAZON,Electrónica,Ebook,,840268941093,"E-READER 6"" AMAZON KINDLE (2022)  16GB WIFI DENIM",1,219.71,002-I.V.A. 10.5 %,01-DH.Principal Vtas.
AMAZON,Electrónica,TV,,840080588964,AMAZON FIRE TV STICK 4K (SIN PILAS) (SIN TRAFO),2,93.53,001-I.V.A. 21 %,01-DH.Principal Vtas.
AMAZON,Electrónica,TV,,840080593296,AMAZON FIRE STICK LITE (SIN TRAFO Y PILAS),1200,98.02,001-I.V.A. 21 %,01-DH.Principal Vtas.
AMAZON,Electrónica,TV,,841667144719,AMAZON FIRE TV STICK 4K (SIN PILAS) (SIN TRAFO),874,98.0,001-I.V.A. 21 %,01-DH.Principal Vtas.
AMAZON,Informática,Tablet,,840080504575,"TABLET 10"" AMAZON FIRE HD 3GB 32GB  WIFI DENIM",6,248.99,002-I.V.A. 10.5 %,01-DH.Principal Vtas.
AMAZON,Informática,Tablet,,840080509594,"TABLET 10"" AMAZON FIRE HD 3GB 32GB  WIFI BLACK",53,248.99,002-I.V.A. 10.5 %,01-DH.Principal Vtas.
AMAZON,Informática,Tablet,,840080519647,"TABLET 10"" AMAZON FIRE HD 3GB 32GB  WIFI OLIVE",5,248.99,002-I.V.A. 10.5 %,01-DH.Principal Vtas.
AMAZON,Informática,Tablet,,841667166797,"TABLET 7"" AMAZON FIRE 7 1GB 16GB VERDE",0,102.07,002-I.V.A. 10.5 %,01-DH.Principal Vtas.
AMAZON,Informática,Tablet,,B07KD58DQS,"TABLET 10"" AMAZON FIRE HD 2GB 64GB  WIFI BLANCA",596,355.59,002-I.V.A. 10.5 %,01-DH.Principal Vtas.
AMD,Informática,Componentes,Microprocesador AMD,100-100000910WOF ,CPU AMD RYZEN 7 78003XD 5.0GHZ (S/COOLER),10,1098.81,002-I.V.A. 10.5 %,01-DH.Principal Vtas.
AMD,Informática,Componentes,Microprocesador AMD,100-100001015BOX  ,CPU AMD RYZEN 5 7600 5.1HGZ (AM5),19,568.22,002-I.V.A. 10.5 %,01-DH.Principal Vtas.
ASROCK,Informática,Componentes,Motherboard LGA 1200,90-MXBGL0-A0UAYZ,MOTHERBOARD ASROCK H510 PRO BTC+ 12X PCIe (1200),2,216.0,002-I.V.A. 10.5 %,01-DH.Principal Vtas.
ASUS,Informática,Componentes,Motherboard AM5,90MB1BF0-M0EAY0,MOTHERBOARD ASUS TUF B650M-PLUS (AM5),23,468.0,002-I.V.A. 10.5 %,01-DH.Principal Vtas.
ASUS,Informática,Componentes,Motherboard LGA 1200,90MB1E80-M0EAY0,MOTHERBOARD ASUS PRIME H510M-K(1200),266,163.0,002-I.V.A. 10.5 %,01-DH.Principal Vtas.
ASUS,Informática,Componentes,Motherboard LGA 1700,90MB1A10-M0EAY0,MOTHERBOARD ASUS PRIME H610M-K D4(1700),205,175.0,002-I.V.A. 10.5 %,01-DH.Principal Vtas.
ASUS,Informática,Componentes,Placas de Video,90YV0GC0-M0AA10,VGA ASUS TUF RTX 3060 O12G V2 GAMING 12GB GDDR6,28,769.42,002-I.V.A. 10.5 %,01-DH.Principal Vtas.
ASUS,Informática,Componentes,Placas de Video,90YV0IE0-MVAA00,VGA ASUS TUF RTX 4090 024G GAMING 24GB GDDRX,3,4231.78,002-I.V.A. 10.5 %,01-DH.Principal Vtas.
ASUS,Informática,Componentes,Placas de Video,90YV0IJ0-MVAA00,VGA ASUS TUF RTX 4070 TI O12G 12GB GDDR6X,12,2026.13,002-I.V.A. 10.5 %,01-DH.Principal Vtas.
ASUS,Informática,Componentes,Placas de Video,90YV0IZ0-M0AA00,VGA ASUS TUF RTX 4070 O8G GAMING 12GB GDDR6X,9,1590.12,002-I.V.A. 10.5 %,01-DH.Principal Vtas.
ASUS,Informática,Componentes,Placas de Video,90YV0J50-M0AA00,VGA ASUS TUF RTX 4060TI O8G GAMING 8GB GDDR6,7,1107.96,002-I.V.A. 10.5 %,01-DH.Principal Vtas.
ASUS,Informática,Componentes,Placas de Video,PH-GTX1650-O4GD6-PEVO,VGA ASUS PHOENIX GTX 1650 EVO 4GB GDDR6,46,400.1,002-I.V.A. 10.5 %,01-DH.Principal Vtas.
ASUS,Informática,Computadoras,Notebook,195553379809,"NB ASUS R410MA 14"" N4020 4GB 128GB W11 ING",66,668.75,002-I.V.A. 10.5 %,01-DH.Principal Vtas.
ASUS,Informática,Computadoras,Notebook,410KA,410KA,475,678.68,002-I.V.A. 10.5 %,01-DH.Principal Vtas.
ASUS,Informática,Computadoras,Notebook,E410KA-BV223W,"NB ASUS 3410 14"" CEL N4500 4GB 128GB W11 ESP",31,910.59,002-I.V.A. 10.5 %,01-DH.Principal Vtas.
ASUS,Informática,Computadoras,Notebook,FX506LH-HN002,"NB ASUS TUF F15 15.6""  I5-10300H 8GB 512GB SSD 144HZ IPS 1650 FREE DOS ESP",10,2511.05,002-I.V.A. 10.5 %,01-DH.Principal Vtas.
ASUS,Informática,Computadoras,Notebook,FX506LH-HN002T,"NB ASUS TUF F15 15.6""  I5-10300H 8GB 512GB SSD 144HZ IPS 1650 W10 ESP",16,2977.49,002-I.V.A. 10.5 %,01-DH.Principal Vtas.
ASUS,Informática,Computadoras,Notebook,FX506LI-HN039,"NB ASUS TUF 15.6"" I5-10300H 8GB 512GB SSD 144Hz GTX1650Ti ESP FREE",19,2126.78,002-I.V.A. 10.5 %,01-DH.Principal Vtas.
ASUS,Informática,Computadoras,Notebook,K3500PA-L1168,"NB ASUS VIVOBOOK 15.6"" I5-11300H 8GB 512GB OLED  FREE DOS ESP",23,1605.61,002-I.V.A. 10.5 %,01-DH.Principal Vtas.
ASUS,Informática,Computadoras,Notebook,UX371EA-HL503T,"NOTEBOOK ASUS ZENBOOK FLIP OLED 13.3"" TOUCH I5-1135G7 8GB 1TB-SSD -SSD OLED 4K W10 ESP",25,1822.98,002-I.V.A. 10.5 %,01-DH.Principal Vtas.
ASUS,Informática,Computadoras,Notebook,UX425EA-BM004T,"NB ASUS ZENBOOK 14"" I5-1135G7 512GB 8GB W10 ESP",3,2223.95,002-I.V.A. 10.5 %,01-DH.Principal Vtas.
ASUS,Informática,Computadoras,Notebook,UX425EA-KI419T,NB ASUS ZENBOOK 14” I5-1135G7 8GB 512GB W10 ESP,1,2317.34,002-I.V.A. 10.5 %,01-DH.Principal Vtas.
ASUS,Informática,Computadoras,Notebook,X543UA-DM1422T,"NB ASUS X543 15.6"" I5-8250U 8GB 256GB W10 ESP",32,1167.26,002-I.V.A. 10.5 %,01-DH.Principal Vtas.
ASUS,Informática,Computadoras,Notebook,X543UA-DM2180T,"NB ASUS X543 15.6"" I5-8250U 8GB 512GB SSD W10 ESPAÑOL",2,1827.57,002-I.V.A. 10.5 %,01-DH.Principal Vtas.
ASUS,Informática,Imagen,Monitores,4718017905053,"MONITOR ASUS GAMING LED 21,5"" VP228HE-J FULLHD 60Hz PARLANTES",55,314.88,001-I.V.A. 21 %,01-DH.Principal Vtas.
ASUS,Informática,Imagen,Monitores,4718017905053,"MONITOR ASUS GAMING LED 21,5"" VP228HE-J FULLHD 60Hz PARLANTES",55,314.88,005-Impuestos Internos,01-DH.Principal Vtas.
BLACKWEB,Audio,Parlante Bluetooth,,BWA17AA006,PARLANTE POTENCIADO BLACKWEB PERFORMER PORTABLE BLUETOOTH USB/AM-FM/AUX/ LED RGB,1,133.66,001-I.V.A. 21 %,11-DH.Dayama
BLAUPUNKT,Car-Audio,Stereo,,815592022985,STEREO DOBLE DIN BLAUPUNK MMLP13BD DVD/MP3/CD/BLUETOOTH,1,196.86,001-I.V.A. 21 %,01-DH.Principal Vtas.
BLAUPUNKT,Car-Audio,Stereo,,BERLIN-BUNDLE,"COMBO STEREO DOBLE DIN BLAUPUNK BERLIN 622 +  PAR DE PARLANTES 6.5""",132,270.65,001-I.V.A. 21 %,01-DH.Principal Vtas.
BOSS,Audio,Parlante Bluetooth,,791489118774,PARLANTE BT BOSS BOLT IPX4 NEGRO,520,77.54,001-I.V.A. 21 %,01-DH.Principal Vtas.
BOSS,Audio,Parlante Bluetooth,,791489125413,PARLANTE BT BOSS TUBE NEGRO SD,122,81.83,001-I.V.A. 21 %,01-DH.Principal Vtas.
BOSS,Car-Audio,Accesorios,,791489118804,"BOSS REAR VIEW MIRROR BV430RVM 4,3",17,194.97,001-I.V.A. 21 %,01-DH.Principal Vtas.
BOSS,Car-Audio,Accesorios,,791489310376,BOSS ANT-2 DIVERSITY ANTENA,1,20.26,001-I.V.A. 21 %,01-DH.Principal Vtas.
BOSS,Car-Audio,Accesorios,,791489340069,KIT INSTALACION AUDIO 4 GAUGE BOSS MISKIT10,1,58.68,001-I.V.A. 21 %,01-DH.Principal Vtas.
BOSS,Car-Audio,Amplificador,,791489115209,AMPLIFICADOR MONOBLOCK BOSS R1100M RIOT 1100W CLASE A/B,152,170.68,001-I.V.A. 21 %,01-DH.Principal Vtas.
BOSS,Car-Audio,Amplificador,,791489116466,AMPLIFICADOR 4CH BOSS AR1600.4 1600W A/B,86,206.95,001-I.V.A. 21 %,01-DH.Principal Vtas.
BOSS,Car-Audio,Amplificador,2 Canales,791489116497,AMPLIFICADOR BOSS AR1600.2 2 CANALES PUNETEABLE A 1- CLASE AB - 1600W MAX - 2 A 8 OHM,5,207.87,001-I.V.A. 21 %,01-DH.Principal Vtas.
BOSS,Car-Audio,Amplificador,Monoblock,791489116435,AMPLIFICADOR BOSS AR2000M MONOBLOCK - CLASE AB - 2000W MAX - 2 A 8 OHM,73,192.61,001-I.V.A. 21 %,01-DH.Principal Vtas.
BOSS,Car-Audio,Parlantes,,791489104944,PARLANTE 6X9 BOSS CH6940  4V.  500W 4OHM,23,64.46,001-I.V.A. 21 %,01-DH.Principal Vtas.
BOSS,Car-Audio,Parlantes,,791489123082,"PARLANTE MOTO 3"" BOSS  MCBK420B  600W BLACK",111,72.23,001-I.V.A. 21 %,01-DH.Principal Vtas.
BOSS,Car-Audio,Parlantes,,791489123099,"PARLANTE MOTO 3"" BOSS MCBK400 FM 600W BLACK",180,49.88,001-I.V.A. 21 %,01-DH.Principal Vtas.
BOSS,Car-Audio,Parlantes,,791489132237,"PARLANTE 5.25"" BOSS CH5530B 3V 225WATTS 4OHM",212,49.84,001-I.V.A. 21 %,01-DH.Principal Vtas.
BOSS,Car-Audio,Parlantes,,791489180023,"TWEETER 1"" BOSS TW15 250W",14,27.29,001-I.V.A. 21 %,01-DH.Principal Vtas.
BOSS,Car-Audio,Parlantes,,791489180092,"TWEETER 1"" BOSS TW18 200W",2,26.93,001-I.V.A. 21 %,01-DH.Principal Vtas.
BOSS,Car-Audio,Parlantes,,791489180122,"TWEETER 5"" BOSS TW50 500W",3,81.51,001-I.V.A. 21 %,01-DH.Principal Vtas.
BOSS,Car-Audio,Parlantes,"6x9""",791489104937,"PARLANTE 6""x9"" BOSS CH6930 3V 400W 4 Ohms",28,64.99,001-I.V.A. 21 %,01-DH.Principal Vtas.
BOSS,Car-Audio,Stereo,,791489122412,STEREO SINGLE DIN BOSS 632UAB - BT/USB/AUX/FM/AM/F.DESMONTABLE,0,86.16,001-I.V.A. 21 %,01-DH.Principal Vtas.
BOSS,Car-Audio,Stereo,Din,791489117630,"STEREO BOSS BV9967B SINGLE DIN - PANT MOTORIZADA TACTIL 7"", BT/DVD/CD/USB/SD/FM/AM",1,286.36,001-I.V.A. 21 %,01-DH.Principal Vtas.
BOSS,Car-Audio,Stereo,Din,791489119412,STEREO BOSS 648UA SINGLE DIN - CD/USB/SD/AUX/FM/AM/F.DESMONTABLE,5,168.75,001-I.V.A. 21 %,01-DH.Principal Vtas.
BOSS,Car-Audio,Stereo,Din,791489124140,STEREO BOSS 750BRGB SINGLE DIN - BT/CD/USB/MP3/FM/AM/FRENTE DESMONTABLE,564,167.92,001-I.V.A. 21 %,01-DH.Principal Vtas.
BOSS,Car-Audio,Stereo,Din,791489124171,"STEREO BOSS BV860B SINGLE DIN - PANT. MOT. TACTIL 7"" BT/DVD/CD/USB/SD/FM/AM",2,408.81,001-I.V.A. 21 %,01-DH.Principal Vtas.
BOSS,Car-Audio,Stereo,Din-Doble,791489119276,"STEREO BOSS BV9372BI DOBLE DIN - PANTALLA TÁCTIL 6,2"", BT/DVD/CD/USB/SD/FM/AM",256,277.3,001-I.V.A. 21 %,01-DH.Principal Vtas.
BOSS,Car-Audio,Stereo,Din-Doble,791489123471,"STEREO DOBLE DIN BOSS BV765BLC - PANTALLA 6.5""  BT/DVD/CD/USB/SD/FM/AM",12,319.58,001-I.V.A. 21 %,01-DH.Principal Vtas.
BOSS,Car-Audio,Stereo,Din-Doble,791489124973,STEREO BOSS 480BRGB DOBLE DIN - BT/USB/MP3/FM/AM,583,128.52,001-I.V.A. 21 %,01-DH.Principal Vtas.
BOSS,Car-Audio,Subwoofer,,791489124591,"SUBWOOFER BOSS PD12LED 12"" 1600W 4OHM DVC LED",219,127.84,001-I.V.A. 21 %,01-DH.Principal Vtas.
BOSS,Car-Audio,Subwoofer,"10""",791489120173,"SUBWOOFER AMPLIFICADO 10"" B.ASIENTO BOSS BAB10 10"" 1200W",7,331.67,001-I.V.A. 21 %,01-DH.Principal Vtas.
BOSS,Electrónica,Accesorios,Camaras de Seguridad,791489122863,"CAMARA PARA VEHICULO BCAM50 DASHCAM DVR SYSTEM 3"" LCD /8GB SD",65,60.91,001-I.V.A. 21 %,01-DH.Principal Vtas.
CORSAIR,Informática,Componentes,Fuente de Poder,840006605218,FUENTE CORSAIR RM750X FULL MODULAR 750W CERT.80 PLUS GOLD,81,193.85,001-I.V.A. 21 %,01-DH.Principal Vtas.
CORSAIR,Informática,Componentes,Fuente de Poder,843591093552,FUENTE CORSAIR HX 1200 FULL MODULAR 1200W 80 PLUS PLATINUM (NA),282,395.2,001-I.V.A. 21 %,01-DH.Principal Vtas.
CORSAIR,Informática,Componentes,Fuente de Poder,843591093576,FUENTE CORSAIR HX 1200 FULL MODULAR 1200W 80 PLUS PLATINUM (WW),54,565.85,001-I.V.A. 21 %,01-DH.Principal Vtas.
CORSAIR,Informática,Componentes,Fuente de Poder,CP-9020200-WW,FUENTE CORSAIR RM850X FULL MODULAR CERT. 80 PLUS GOLD ATX (WW),158,219.58,001-I.V.A. 21 %,01-DH.Principal Vtas.
CORSAIR,Informática,Componentes,Memoria Notebooks,840006628606,MEMORIA DDR4 16GB 3200 MHZ CORSAIR VENGEANCE SODIMM (2X8GB) CL22,111,98.74,002-I.V.A. 10.5 %,01-DH.Principal Vtas.
CORSAIR,Informática,Componentes,Memoria Notebooks,840006640615,MEMORIA DDR4 8GB 3200 MHZ CORSAIR VENGEANCE SODIMM (1X8GB) CL22,103,52.04,002-I.V.A. 10.5 %,01-DH.Principal Vtas.
CORSAIR,Informática,Componentes,Memorias PC,840006607311,MEMORIA DDR4 2X8GB 3600MHZ CORSAIR DOMINATOR PLATINUM LED RGB (CAPELLIX),5,225.52,002-I.V.A. 10.5 %,01-DH.Principal Vtas.
CORSAIR,Informática,Componentes,Memorias PC,840006612889,MEMORIA DDR4 8GB 3200 MHZ CORSAIR VENGEANCE PRO RGB DRAM (1X8GB) C16,205,62.64,002-I.V.A. 10.5 %,01-DH.Principal Vtas.
CORSAIR,Informática,Componentes,Memorias PC,840006619680,MEMORIA DDR4 16GB 3600 MHZ CORSAIR VENGEANCE PRO RGB DRAM (2X8GB) C18 WHITE,14,144.84,002-I.V.A. 10.5 %,01-DH.Principal Vtas.
CORSAIR,Informática,Componentes,Memorias PC,840006629603,MEMORIA DDR4 8GB 3200 MHZ CORSAIR VENGEANCE LPX BLACK (NEGRO),64,53.72,002-I.V.A. 10.5 %,01-DH.Principal Vtas.
CORSAIR,Informática,Componentes,Memorias PC,840006648994,MEMORIA DDR4 16GB 3600 MHZ CORSAIR VENGEANCE RS RGB DRAM (2X8GB) C18,60,129.29,002-I.V.A. 10.5 %,01-DH.Principal Vtas.
CORSAIR,Informática,Componentes,Memorias PC,840006659310,MEMORIA DDR5 32GB 4800 MHZ CORSAIR VENGEANCE (2X16GB) C40,0,258.45,002-I.V.A. 10.5 %,01-DH.Principal Vtas.
CORSAIR,Informática,Componentes,Memorias PC,843591077927,MEMORIA DDR4 8GB 3000 MHZ CORSAIR VENGEANCE LPX DRAM (1X8GB) C16,96,53.49,002-I.V.A. 10.5 %,01-DH.Principal Vtas.
CORSAIR,Informática,Componentes,Memorias PC,843591084253,MEMORIA DDR4 16GB 3000 MHZ CORSAIR VENGEANCE LPX BLACK (NEGRA),4,248.99,002-I.V.A. 10.5 %,01-DH.Principal Vtas.
CORSAIR,Informática,Componentes,Memorias PC,CMG8GX4M1D3600C18,MEMORIA 8GB DDR4 3600 MHZ CORSAIR VENGEANCE RGB RS,78,69.33,002-I.V.A. 10.5 %,01-DH.Principal Vtas.
CORSAIR,Informática,Componentes,Memorias PC,CMG8GX4M1E3200C16,MEMORIA 8GB DDR4 3200MHZ C16 CORSAIR VENGEANCE RGB RS,73,62.64,002-I.V.A. 10.5 %,01-DH.Principal Vtas.
CORSAIR,Informática,Componentes,Memorias PC,CMH32GX5M2B5200Z40K,MEMORIA 32 GB (2 X 16GB) DDR5 5200 MHZ C40 CORSAIR VENGEANCE RGB,6,294.77,002-I.V.A. 10.5 %,01-DH.Principal Vtas.
CORSAIR,Informática,Componentes,Memorias PC,CMH32GX5M2D6000Z36K,MEMORIA 32 GB (2 X 16GB) DDR5 6000 MHZ C32 CORSAIR VENGEANCE RGB,3,324.22,002-I.V.A. 10.5 %,01-DH.Principal Vtas.
CORSAIR,Informática,Componentes,Memorias PC,CMK16GX4M2D3000C16,MEMORIA 16GB (2 X 8GB) DDR4 3000MHz CORSAIR VENGEANCE LPX,66,100.71,002-I.V.A. 10.5 %,01-DH.Principal Vtas.
CORSAIR,Informática,Componentes,Memorias PC,CMK16GX4M2D3000C16W,MEMORIA 16GB (2 X 8GB) DDR4 DRAM 3000MHZ CORSAIR VENGEANCE LPX,11,103.64,002-I.V.A. 10.5 %,01-DH.Principal Vtas.
CORSAIR,Informática,Componentes,Memorias PC,CMK32GX5M2B5200Z40,MEMORIA 32 GB (2 X 16GB) DDR5 5200 MHZ C40 CORSAIR VENGEANCE,1,265.95,002-I.V.A. 10.5 %,01-DH.Principal Vtas.
CORSAIR,Informática,Componentes,Memorias PC,CMK8GX4M1A2666C16,MEMORIA DDR4 8GB 2666 MHZ CORSAIR VENGEANCE LPX DRAM (1X8GB) C16,328,49.16,002-I.V.A. 10.5 %,01-DH.Principal Vtas.
CORSAIR,Informática,Componentes,Memorias PC,CMK8GX4M1Z3600C18,MEMORIA 8GB (1 X 8GB) DRAM DDR4 a 3600 MHZ CORSAIR VENGEANCE LPX,81,57.67,002-I.V.A. 10.5 %,01-DH.Principal Vtas.
CORSAIR,Informática,Componentes,Memorias PC,CMT16GX4M2C3200C16W,MEMORIA 16GB (2 X 8GB) DDR4 3200 MHZ CORSAIR DOMINATOR PLATINUM RGB,5,208.24,002-I.V.A. 10.5 %,01-DH.Principal Vtas.
CORSAIR,Informática,Componentes,Memorias PC,CMT16GX4M2K4000C19,MEMORIA 16GB (2 X 8GB) DDR4 4000MHZ CORSAIR KIT DE MEMORIAS DOMINATOR® PLATINUM RGB,5,278.03,002-I.V.A. 10.5 %,01-DH.Principal Vtas.
CORSAIR,Informática,Componentes,Memorias PC,CMW32GX4M2E3200C16,MEMORIA DDR4 2X16GB 3200 MHZ CORSAIR VENGEANCE LED RGB PRO (NEGRA),52,203.66,002-I.V.A. 10.5 %,01-DH.Principal Vtas.
CORSAIR,Informática,Componentes,Memorias PC,CMW32GX4M2E3200C16-TUF,MEMORIA 32GB (2 X 16GB) DDR4 3200 MHZ CORSAIR VENGEANCE RGB PRO,21,211.71,002-I.V.A. 10.5 %,01-DH.Principal Vtas.
CORSAIR,Informática,Componentes,Memorias PC,CMW32GX4M2E3200C16W,MEMORIA 32GB (2 X 16GB) DDR4 3200 MHZ CORSAIR VENGEANCE RGB PRO,25,211.71,002-I.V.A. 10.5 %,01-DH.Principal Vtas.
CORSAIR,Informática,Computadoras,Memorias PC,CMT16GX4M2C3200C16,MEMORIA 16GB (2 X 8GB) DDR4 3200 MHZ CORSAIR DOMINATOR® PLATINUM RGB,5,188.11,002-I.V.A. 10.5 %,01-DH.Principal Vtas.
CORSAIR,Informática,Gabinete Sin Fuente,Gabinete Sin Fuente,CC-9011135-WW,GABINETE CORSAIR 280X  VIDRIO TEMPLADO MICRO-ATX RGB NEGRO S/ FUENTE,20,359.71,002-I.V.A. 10.5 %,01-DH.Principal Vtas.
CORSAIR,Informática,Gabinete Sin Fuente,Gabinete Sin Fuente,CC-9011167-WW,GABINETE CORSAIR CARBIDE 678C VIDRIO TEMPLADO MID-TOWER SILENCIOSO BLACK S/FUENTE,14,388.59,002-I.V.A. 10.5 %,01-DH.Principal Vtas.
CORSAIR,Informática,Gabinete Sin Fuente,Gabinete Sin Fuente,CC-9011170-WW,GABINETE CORSAIR CARBIDE 678C VIDRIO TEMPLADO MID-TOWER SILENCIOSO WHITE S/FUENTE,2,388.59,002-I.V.A. 10.5 %,01-DH.Principal Vtas.
CORSAIR,Informática,Gabinete Sin Fuente,Gabinete Sin Fuente,CC-9011230-WW,GABINETE CORSAIR 5000T ICUE VIDRIO TEMPLADO MID-TOWER RGB BLACK S/FUENTE,13,752.77,002-I.V.A. 10.5 %,01-DH.Principal Vtas.
CORSAIR,Informática,Gaming,Accesorios Gaming,843591089586,CABLE MALLADO CORSAIR ATX 24 PINES TIPO 4 3ER GEN ROJO/NEGRO,10,30.43,001-I.V.A. 21 %,01-DH.Principal Vtas.
CORSAIR,Informática,Gaming,Accesorios Gaming,843591089593,CABLE MALLADO CORSAIR ATX 24 PINES TIPO 4 3ER GEN BLANCO/NEGRO,6,30.43,001-I.V.A. 21 %,01-DH.Principal Vtas.
CORSAIR,Informática,Gaming,Accesorios Gaming,843591089609,CABLE MALLADO CORSAIR ATX 24 PINES TIPO 4 3ER GEN AZUL/NEGRO,21,30.43,001-I.V.A. 21 %,01-DH.Principal Vtas.
CORSAIR,Informática,Gaming,Auriculares,840006618942,AURICULAR CORSAIR HS60 HAPTIC,35,292.51,001-I.V.A. 21 %,01-DH.Principal Vtas.
CORSAIR,Informática,Gaming,Combo,840006648925,COMBO 4 EN 1 CORSAIR K55+HS50+HARPOON RGB PRO+MM100,81,161.91,002-I.V.A. 10.5 %,01-DH.Principal Vtas.
CORSAIR,Informática,Gaming,Teclados,840006631798,TECLADO CORSAIR K55 RGB PRO RGB IP42 ING,76,119.74,002-I.V.A. 10.5 %,01-DH.Principal Vtas.
CRUCIAL,Informática,Componentes,Memorias PC,649528900425,MEMORIA UDIMM DDR4 16GB 2666 MHZ CRUCIAL BASICS,99,108.65,002-I.V.A. 10.5 %,01-DH.Principal Vtas.
CRUCIAL,Informática,Componentes,Memorias PC,649528900531,MEMORIA DDR4 8GB 2666 MHZ CRUCIAL BASICS,772,63.97,002-I.V.A. 10.5 %,01-DH.Principal Vtas.
DAYAMA,Monopatiín Eléctrico,Repuestos,,FFK85,"HORQUILLA DELANTERA PARA RODADO DE 8.5""",2,6.61,001-I.V.A. 21 %,11-DH.Dayama
DAYAMA,Monopatiín Eléctrico,Repuestos,,FL-R,PALANCA DE PLEGADO,4,3.56,001-I.V.A. 21 %,11-DH.Dayama
DAYAMA,Monopatiín Eléctrico,Repuestos,,FMR-85,"LLANTA DELANTERA CON MOTOR MONTADO RODADO 28""",2,86.57,001-I.V.A. 21 %,11-DH.Dayama
DAYAMA,Monopatiín Eléctrico,Repuestos,,HP401,MANUBRIO ENSAMBLADO COMPLETO CON FRENO+PNTALLA+ACELERADOR+CAMPANA,1,124.26,001-I.V.A. 21 %,11-DH.Dayama
D-LINK,Informática,Conectividad,Routers,C09-0156,ROUTER D-LINK DIR-826L INALAMBRICO N600,19,105.37,002-I.V.A. 10.5 %,01-DH.Principal Vtas.
DUMOUNTS,Electrónica,Salud,,ZSYL-168,TERMOMETRO INFRAROJO DUMOUNTS ZSYL-168 DIGITAL SIN CONTACTO,748,113.67,001-I.V.A. 21 %,01-DH.Principal Vtas.
GATEWAY,Informática,Computadoras,Notebook,GWTN156-11BK,"NB GATEWAY GWTN156-11BK 15.6"" N5030 4GB 128GB IPS NEGRA W10",0,554.55,002-I.V.A. 10.5 %,01-DH.Principal Vtas.
HDC,Informática,Componentes,Fuente de Poder,ATX-242S-G,FUENTE HDC ATX-24S-G 500W OEM,694,19.59,001-I.V.A. 21 %,01-DH.Principal Vtas.
HDC,Informática,Componentes,Gabinetes KIT,C07-0088,GABINETE KIT SLIM HDC AX-20KK-G (MOU/500W),0,89.01,002-I.V.A. 10.5 %,01-DH.Principal Vtas.
HDC,Informática,Componentes,Gabinetes KIT,GH20A26KB001505,GABINETE KIT HDC AX-26BB-G PC  (MOU/TEC/SPK/PSU500W),-1,83.07,002-I.V.A. 10.5 %,01-DH.Principal Vtas.
HDC,Informática,Componentes,Gabinetes KIT,GH20A30KB001967,GABINETE KIT HDC ATX-30KB-G (MOU/TEC/SPK/PSU500W),-1,83.47,002-I.V.A. 10.5 %,01-DH.Principal Vtas.
HDC,Informática,Computadoras,Notebook,7798135512439,"NOTEBOOK HDC CY-T141N464GRY 14.1""HD CEL N3350 4GB - 64GB WINDOWS 10 SL",1,440.48,002-I.V.A. 10.5 %,01-DH.Principal Vtas.
HDC,Informática,Computadoras,Notebook,7798135512545,"NOTEBOOK HDC CY-4020-464GRY 14.1""HD CEL N4020 4GB - 64GB WINDOWS 11",1,448.2,002-I.V.A. 10.5 %,01-DH.Principal Vtas.
HDC,Informática,Computadoras,Pc De Escritorio,PCHDC55600G-240-8-W,PC HDC AMD RYZEN 5 5600G - 8GB - SSD 240GB W10 SL(Modelo D-R5/8240 ),6,927.49,002-I.V.A. 10.5 %,01-DH.Principal Vtas.
HDC,Informática,Computadoras,Pc De Escritorio,PCHDC75700G-240-8-W,PC HDC AMD RYZEN 7 5700G - 8GB - SSD 240GB W10 SL(MODELO:D-R7/8240),1,1025.69,002-I.V.A. 10.5 %,01-DH.Principal Vtas.
HDC,Informática,Computadoras,Pc De Escritorio,PCHDC-I510400-240-8-W,PC HDC INTEL CORE I5-10400 - SSD 240GB - 8GB - W10 HOME SL(MODELO:D-I5/8240W),1,1008.83,002-I.V.A. 10.5 %,01-DH.Principal Vtas.
HDC,Informática,Imagen,Monitores,7798135512224,"MONITOR GAMING HDC 27"" HM-27WQ144 - 2560*1440 - TN TFT - HDMI * 3 + DP - 144Hz - 1MS",1,579.31,001-I.V.A. 21 %,01-DH.Principal Vtas.
HDC,Informática,Imagen,Monitores,7798135512576,"MONITOR 21.5"" HM-2150FHD FRAMELESS 1080P FHD - 75Hz - 5MS - VGA - HDMI",168,222.16,001-I.V.A. 21 %,01-DH.Principal Vtas.
HDC,Informática,Periféricos,Combo,7798135512170,COMBO INALAMBRICO HDC MK1136 MOUSE 6 BOTONES (800/1200/1600 DPI) + TECLADO - 113 TECLAS - 9 TECLAS M,-5,19.1,002-I.V.A. 10.5 %,01-DH.Principal Vtas.
HDC,Informática,Periféricos,Mouses,7798135512163,MOUSE INALAMBRICO HDC M304 - 4 BOTONES - DPI 800/1200/1600,-30,8.57,002-I.V.A. 10.5 %,01-DH.Principal Vtas.
HDC,Informática,Periféricos,Teclados,7798135512187,TECLADO CABLEADO HDC KB113 C-CONECTOR USB - 113 TECLAS - 9 TECLAS MULTIMEDIA,0,9.79,002-I.V.A. 10.5 %,01-DH.Principal Vtas.
HDC,Informática,Periféricos,WEBCAM,7798135511944,WEBCAM HDC HW20S HD 720P,1428,15.91,001-I.V.A. 21 %,01-DH.Principal Vtas.
HDC,Informática,Periféricos,WEBCAM,7798135511951,WEBCAM HDC HW80S FHD 1080P,935,24.18,001-I.V.A. 21 %,01-DH.Principal Vtas.
HDC,Informática,Tablet,,7798135510466,"TABLET 10"" HDC T1100 QUADCORE IPS DUAL CAM 2/5MP 1GB/16GB",1,88.51,002-I.V.A. 10.5 %,01-DH.Principal Vtas.
HDC,Informática,Tablet,,7798135512279,TABLET HDC H7 ONE TN 1024*600 - RK3126C - 1-16GB - Dual Cam 0.3-2.0 MP  CON FUNDA DE SILICONA VERDE,0,56.98,002-I.V.A. 10.5 %,01-DH.Principal Vtas.
HDC,Informática,Tablet,,7798135512675,"TABLET HDC T7I-232 7"" IPS 1024*600 - ALLWINNER A133 - 2/32GB - CON FUNDA DE SILICONA ROJA",1935,78.58,002-I.V.A. 10.5 %,01-DH.Principal Vtas.
HDC,Informática,Tablet,Productos,7798135512118,"TABLET HDC H10 ONE TN 1024x600 QC A100 - 2/32GB - DUAL CAM 0,3/2,0 MP",1,99.25,002-I.V.A. 10.5 %,01-DH.Principal Vtas.
HDC,Informática,Tablet,Productos,7798135512583,"TABLET HDC T10-232 10"" - ALLWINNER A133 - 2GB RAM - 32GB ROM",2653,120.24,002-I.V.A. 10.5 %,01-DH.Principal Vtas.
Hewlett - Packard,Informática,Componentes,Memorias PC,6955914605862,MEMORIA DDR4 8GB 2666 MHZ HP V2,18,92.98,002-I.V.A. 10.5 %,01-DH.Principal Vtas.
Hewlett - Packard,Informática,Computadoras,Notebook,15-DY1024WM,"NB HP 15-DY1024WM 15.6"" i3-1005G1 4GB 128GB W10 ING (SIN ADAPTADOR)",1,1195.48,002-I.V.A. 10.5 %,01-DH.Principal Vtas.
Hewlett - Packard,Informática,Computadoras,Notebook,hw-149123464,hw-149123464,1,964.87,002-I.V.A. 10.5 %,01-DH.Principal Vtas.
INTEL,Informática,Componentes,Cooler,DTC-DAA08,COOLER INTEL S1150,18,20.45,001-I.V.A. 21 %,01-DH.Principal Vtas.
INTEL,Informática,Componentes,Microprocesador Intel,5032037158015,CPU INTEL CORE  I3-9100F  4.2GHZ 6M (1151) (S/VIDEO),0,104.89,002-I.V.A. 10.5 %,01-DH.Principal Vtas.
INTEL,Informática,Componentes,Microprocesador Intel,5032037187138,CPU INTEL CORE I5-10400 4.30GHZ 12M (1200),251,363.06,002-I.V.A. 10.5 %,01-DH.Principal Vtas.
INTEL,Informática,Componentes,Microprocesador Intel,5032037198882,CPU INTEL CELERON G5905 3.50 GHZ 3M (1200),196,120.26,002-I.V.A. 10.5 %,01-DH.Principal Vtas.
INTEL,Informática,Componentes,Microprocesador Intel,5032037215619,CPU INTEL CORE I7-11700KF 5.0 GHZ (S/COOLER) (S/VIDEO)  (1200),3,920.52,002-I.V.A. 10.5 %,01-DH.Principal Vtas.
INTEL,Informática,Componentes,Microprocesador Intel,5032037237741,CPU INTEL CORE I5-12400 18MB (1700),96,453.86,002-I.V.A. 10.5 %,01-DH.Principal Vtas.
INTEL,Informática,Componentes,Microprocesador Intel,5032037260312,CPU INTEL CORE  I3-13100  4.5GHZ 12M (LGA1700),171,405.92,002-I.V.A. 10.5 %,01-DH.Principal Vtas.
INTEL,Informática,Componentes,Microprocesador Intel,BX8071513100F,CPU INTEL CORE I3-13100F 4.5GHZ 12MB (S/VIDEO) (LGA1700),156,326.19,002-I.V.A. 10.5 %,01-DH.Principal Vtas.
INTEL,Informática,Componentes,Microprocesador Intel,BX8071513400F,CPU INTEL CORE I5-13400F 4.6GHZ 20M (S/VIDEO) (LGA1700),62,580.32,002-I.V.A. 10.5 %,01-DH.Principal Vtas.
INTEL,Informática,Componentes,Microprocesador Intel,BX8071513900K,CPU INTEL CORE I9-13900K 5.8GHZ 36M (S/COOLER) (LGA1700),12,1222.89,002-I.V.A. 10.5 %,01-DH.Principal Vtas.
JBL,Audio,Audio Home,,6925281903250,PARLANTES PASIVOS JBL CONTROL X WHITE 200W 8ohm C/ SOPORTE APTO INTERPERIE,1,857.4,001-I.V.A. 21 %,01-DH.Principal Vtas.
JBL,Audio,Audio Home,,STAGEA125CB,"PARLANTE CENTRAL JBL STAGE 125 5,25"" 150W 2V 6OHM",3,387.65,001-I.V.A. 21 %,01-DH.Principal Vtas.
JBL,Audio,Audio Home,Barras de Sonido,JBLSB140BLKAM,BARRA DE SONIDO + SUBWOOFER JBL SB140 HOME CINEMA 2.1 110W,860,327.17,001-I.V.A. 21 %,01-DH.Principal Vtas.
JBL,Audio,Parlante Bluetooth,,6925281948459,PARLANTE BT JBL GO 2 BLUE,43,74.9,001-I.V.A. 21 %,01-DH.Principal Vtas.
JBL,Audio,Parlante Bluetooth,,6925281948497,PARLANTE BT JBL GO 2 GREEN,37,74.9,001-I.V.A. 21 %,01-DH.Principal Vtas.
JBL,Audio,Parlante Bluetooth,,6925281948527,PARLANTE BT JBL GO 2 ORANGE,3,75.56,001-I.V.A. 21 %,01-DH.Principal Vtas.
JBL,Audio,Parlante Bluetooth,,6925281954689,PARLANTE BT JBL FLIP 5 RED WATERPROOF,35,225.73,001-I.V.A. 21 %,01-DH.Principal Vtas.
JBL,Audio,Parlante Bluetooth,,6925281975516,PARLANTE BT JBL GO 3 BLUE,97,88.33,001-I.V.A. 21 %,01-DH.Principal Vtas.
JBL,Audio,Parlante Bluetooth,,6925281975523,PARLANTE BT JBL GO 3 RED,373,78.82,001-I.V.A. 21 %,01-DH.Principal Vtas.
JBL,Audio,Parlante Bluetooth,,6925281975530,PARLANTE BT JBL GO 3 GRAY,209,74.4,001-I.V.A. 21 %,01-DH.Principal Vtas.
JBL,Audio,Parlante Bluetooth,,6925281975639,PARLANTE BT JBL GO 3 RED,24,76.68,001-I.V.A. 21 %,01-DH.Principal Vtas.
JBL,Audio,Parlante Bluetooth,,6925281982163,PARLANTE BT JBL CHARGE 5 BLACK,1028,332.99,001-I.V.A. 21 %,01-DH.Principal Vtas.
JBL,Audio,Parlante Bluetooth,,6925281982170,PARLANTE BT JBL CHARGE 5 BLUE,18,332.99,001-I.V.A. 21 %,01-DH.Principal Vtas.
JBL,Audio,Parlante Bluetooth,,6925281982187,PARLANTE BT JBL CHARGE 5 RED,476,332.99,001-I.V.A. 21 %,01-DH.Principal Vtas.
JBL,Car-Audio,Parlantes,,E52-2065,"PARLANTE 6""X9"" JBL  GTO939 300W 3V 3OHM",4,230.34,001-I.V.A. 21 %,01-DH.Principal Vtas.
JBL,Car-Audio,Parlantes,"4""",6925281947957,"PARLANTE JBL STAGE3 427 - 4"" - 2 VÍAS - 150W MAX",82,123.21,001-I.V.A. 21 %,01-DH.Principal Vtas.
JBL,Car-Audio,Subwoofer,,6925281927072,"SUBWOOFER 12"" JBL STAGE 1210 1000W 4-Ohm",38,110.94,001-I.V.A. 21 %,01-DH.Principal Vtas.
KAISE,Electrónica,Energía,Baterías,KB125,BATERÍA KAISE 12V 5AMP,30,18.86,001-I.V.A. 21 %,01-DH.Principal Vtas.
KETER,Varios,Hogar,,KTR-17193504BRW,SET SILLONES EXT KETER LOUNGE (1S X 3C + 2S X 1C + 1 M MARRON),5,821.7,001-I.V.A. 21 %,01-DH.Principal Vtas.
KETER,Varios,Hogar,,KTR-17194274BRW,SET DE SILLONES KETER BALCONY SET EXTERIOR 2 SILLONES + 1 MESA MARRON,6,724.89,001-I.V.A. 21 %,01-DH.Principal Vtas.
KETER,Varios,Hogar,,KTR-17194274GRP,SET DE SILLONES KETER CORFU BALCONY EXTERIOR 2 SILLONES + 1 MESA GRAFITO,21,724.89,001-I.V.A. 21 %,01-DH.Principal Vtas.
KETER,Varios,Hogar,,KTR-17197637GRP,SET DE SILLAS DE JARDIN Y MESA KETER RIO (3 PIEZAS ) GRAFITO,1,367.3,001-I.V.A. 21 %,01-DH.Principal Vtas.
KETER,Varios,Hogar,,KTR-17197934BRW,MACETA CILINDRICA KETER CYLINDER x3 MARRON,15,89.38,001-I.V.A. 21 %,01-DH.Principal Vtas.
KETER,Varios,Hogar,,KTR-17197992GRP,MESA KETER QUARTET 95,9,236.2,001-I.V.A. 21 %,01-DH.Principal Vtas.
KETER,Varios,Hogar,,KTR-17202333GRN,SILLA PARA BEBES KETER 3 EN 1  VERDE,26,179.74,001-I.V.A. 21 %,01-DH.Principal Vtas.
KETER,Varios,Hogar,,KTR-17202631BRW,CAJA DE ALMACENAMIENTO KETER MARRON,10,519.63,001-I.V.A. 21 %,01-DH.Principal Vtas.
KETER,Varios,Hogar,,KTR-FUTURA-GRP,MESA KETER FUTURA,2,338.9,001-I.V.A. 21 %,01-DH.Principal Vtas.
KETER,Varios,Hogar,,KTR-MELODY-GRP,MESA KETER MELODY,4,441.58,001-I.V.A. 21 %,01-DH.Principal Vtas.
KINGSTON,Informática,Componentes,SSD,740617261219,UNIDAD SSD KINGSTON 240 GB A400,997,32.95,002-I.V.A. 10.5 %,01-DH.Principal Vtas.
KINGSTON,Informática,Componentes,SSD,740617263442,UNIDAD SSD KINGSTON 480GB A400,292,89.07,002-I.V.A. 10.5 %,01-DH.Principal Vtas.
LENOVO,Informática,Computadoras,Notebook,0195235835364,NB LENOVO E41-25 A4-4350B 4GB 500GB FREE DOS,30,544.06,002-I.V.A. 10.5 %,01-DH.Principal Vtas.
LENOVO,Informática,Computadoras,Notebook,0196379705315,"NB LENOVO IP5 15.6"" I7-1255U  12GB 512GB W11H",23,2132.19,002-I.V.A. 10.5 %,01-DH.Principal Vtas.
LENOVO,Informática,Computadoras,Notebook,81YH0017US,"NB LENOVO IP5 14"" I5-1035G1 8GB 256GB W10 ING (SIN ADAPTADOR)",1,1644.86,002-I.V.A. 10.5 %,01-DH.Principal Vtas.
LENOVO,Informática,Tablet,,193386319382,"TABLET 10"" LENOVO M10 2GB 32GB LTE WIFI BT ANDROID",852,290.31,002-I.V.A. 10.5 %,01-DH.Principal Vtas.
LENOVO,Informática,Varios,,AMS80004-LE,CARGADOR NB AMS LENOVO 65W 20V 3.25A 4.0*1.7mm,46,34.82,001-I.V.A. 21 %,01-DH.Principal Vtas.
LENOVO,Informática,Varios,,AMS80097-LE,CARGADOR NB AMS LENOVO 45W 20V 2.25A 3.0*1.0mm,24,29.91,001-I.V.A. 21 %,01-DH.Principal Vtas.
LIAN LI,Informática,Gabinete Sin Fuente,Gabinete Sin Fuente,C07-0100,GABINETE LIAN LI PC-V359WX BLACK (NEGRO) CUBO M-ATX ALUMINUM SIN FUENTE,4,427.4,002-I.V.A. 10.5 %,01-DH.Principal Vtas.
LINKSYS,Informática,Conectividad,Routers,4260184661060,ADAPTADOR USB INALAMBRICO LINKSYS AE1200 N300,22,56.72,001-I.V.A. 21 %,01-DH.Principal Vtas.
LINKSYS,Informática,Conectividad,Routers,EA8300,ROUTER INALAMBRICO TRI BANDA LINKSYS EA8300 AC2200 MU-MIMO  4 ANTENAS,1,363.23,001-I.V.A. 21 %,01-DH.Principal Vtas.
LINKSYS,Informática,Conectividad,Routers,RE6500,EXTENSOR DE RED LINKSYS RE6500 DUAL BAND AC1200,4,201.51,001-I.V.A. 21 %,01-DH.Principal Vtas.
LINKSYS,Informática,Conectividad,Routers,WHW0101,ROUTER INALAMBRICO LINKSYS VELOP WHW0101 MESH DOBLE BANDA AC1300 (1),1,240.69,002-I.V.A. 10.5 %,01-DH.Principal Vtas.
MAIYUN,Electrónica,Salud,,HX-YL001,TERMOMETRO INFRAROJO MAIYUN HX-YL001 DIGITAL SIN CONTACTO,471,102.05,001-I.V.A. 21 %,01-DH.Principal Vtas.
MARVO,Informática,Gaming,Auriculares,6932391917565,HEADSET MARVO HG8928 USB AUX USB  LED RED,1039,19.7,001-I.V.A. 21 %,01-DH.Principal Vtas.
MARVO,Informática,Gaming,Auriculares,6932391919385,HEADSET MARVO HG9046 7.1 USB PARA PC,183,55.79,001-I.V.A. 21 %,01-DH.Principal Vtas.
MARVO,Informática,Gaming,Auriculares,6932391919521,HEADSET MARVO HG9049 7.1,17,30.97,001-I.V.A. 21 %,01-DH.Principal Vtas.
MARVO,Informática,Gaming,Auriculares,6932391919545,"HEADSET MARVO HG8929 BACKLIT,3.5MM JACK+USB",1821,22.29,001-I.V.A. 21 %,01-DH.Principal Vtas.
MARVO,Informática,Gaming,Auriculares,6932391920732,HEADSET MARVO HG9056 7.1 RAINBOW LED,287,39.01,001-I.V.A. 21 %,01-DH.Principal Vtas.
MARVO,Informática,Gaming,Auriculares,6932391920763,HEADSET MARVO PRO HG9053 7.1 LED RED,770,84.29,001-I.V.A. 21 %,01-DH.Principal Vtas.
MARVO,Informática,Gaming,Auriculares,6932391921227,HEADSET GAMING MARVO HG8901 LED RAINBOW,3508,19.3,001-I.V.A. 21 %,01-DH.Principal Vtas.
MARVO,Informática,Gaming,Auriculares,6932391921395,HEADSET MARVO HG8902 RAINBOW USB,812,21.98,001-I.V.A. 21 %,01-DH.Principal Vtas.
MARVO,Informática,Gaming,Auriculares,6932391922576,HEADSET MARVO PRO HG8960 (PS4 XBOX PC) RED LED,1033,37.82,001-I.V.A. 21 %,01-DH.Principal Vtas.
MARVO,Informática,Gaming,Auriculares,6932391923313,HEADSET STEREO MARVO H8321,872,9.93,001-I.V.A. 21 %,01-DH.Principal Vtas.
MARVO,Informática,Gaming,Combo,6932391924662,COMBO GAMING 3 EN 1 MARVO CM310SP NEGRO MOUSE+MOUSEPAD+TECLADO,2152,25.63,002-I.V.A. 10.5 %,01-DH.Principal Vtas.
MARVO,Informática,Gaming,Combo,6932391925065,COMBO GAMING 3 EN 1 MARVO CM310SP BLANCO MOUSE+MOUSEPAD+TECLADO,394,26.43,002-I.V.A. 10.5 %,01-DH.Principal Vtas.
MARVO,Informática,Gaming,Kit Teclado Y Mouse,6932391913505,COMBO TECLADO+MOUSE MARVO KM409 LED,1719,19.44,002-I.V.A. 10.5 %,01-DH.Principal Vtas.
MARVO,Informática,Gaming,Kit Teclado Y Mouse,6932391918623,COMBO GAMING 4 EN 1 MARVO  CM370 Mouse+Headset+MousePad+Teclado LED,0,20.1,002-I.V.A. 10.5 %,01-DH.Principal Vtas.
MARVO,Informática,Gaming,Kit Teclado Y Mouse,6932391923160,COMBO GAMING 4 EN 1 MARVO CM409 MOUSE+HEADSET+MOUSEPAD+TECLADO LED,1190,27.6,002-I.V.A. 10.5 %,01-DH.Principal Vtas.
MARVO,Informática,Gaming,Microfono,6932391917626,MICROFONO USB MARVO MIC-01 RGB OMNIDIRECCIONAL,405,15.64,001-I.V.A. 21 %,01-DH.Principal Vtas.
MARVO,Informática,Gaming,Microfono,6932391921982,MICROFONO USB MARVO MIC-03,412,56.96,001-I.V.A. 21 %,01-DH.Principal Vtas.
MARVO,Informática,Gaming,Mouses,6932391919989,COMBO MOUSE+PAD MARVO M355+G1P 6400 DPI 9 BOT,1187,13.65,002-I.V.A. 10.5 %,01-DH.Principal Vtas.
MARVO,Informática,Gaming,Mouses,6932391920121,MOUSE GAMING MARVO M355 6400 DPI OPTICO LED RGB,368,9.9,002-I.V.A. 10.5 %,01-DH.Principal Vtas.
MARVO,Informática,Gaming,Mouses,6932391920893,MOUSE GAMING MARVO M513 4800 DPI OPTICO RGB 7B,2656,11.32,002-I.V.A. 10.5 %,01-DH.Principal Vtas.
MARVO,Informática,Gaming,Mouses,6932391922002,MOUSE GAMING MARVO M209 6400 DPI OPTICO LED 7 COL 6B,3202,8.25,002-I.V.A. 10.5 %,01-DH.Principal Vtas.
MARVO,Informática,Gaming,Mouses,6932391922033,MOUSE GAMING MARVO G943 10000 DPI OPTICO LED RGB,105,21.81,002-I.V.A. 10.5 %,01-DH.Principal Vtas.
MARVO,Informática,Gaming,Mouses,6932391922149,MOUSE GAMING MARVO G961 ULTRALIVIANO 12000 DPI OPTICO RGB 6B PAW,1504,34.66,002-I.V.A. 10.5 %,01-DH.Principal Vtas.
MARVO,Informática,Gaming,Mouses,6932391922705,MOUSE GAMING MARVO G945 10000 DPI OPTICO RGB 9B PAW,520,30.41,002-I.V.A. 10.5 %,01-DH.Principal Vtas.
MARVO,Informática,Gaming,Mouses,6932391923467,MOUSE GAMING MARVO M115 4000 DPI LED 7 COL AMBIDIESTRO,963,7.06,002-I.V.A. 10.5 %,01-DH.Principal Vtas.
MARVO,Informática,Gaming,Mouses,6932391923504,MOUSE GAMING MARVO M519 12000 DPI OPTICO RGB,626,15.33,002-I.V.A. 10.5 %,01-DH.Principal Vtas.
MARVO,Informática,Gaming,Pad Mouse,6932391922583,MARVO G39 MOUSE PAD MOUSE PAD GAMING MARVO G39 SMALL,1572,8.28,002-I.V.A. 10.5 %,01-DH.Principal Vtas.
MARVO,Informática,Gaming,Pad Mouse,6932391922729.21,MOUSEPAD RGB MARVO PRO GAMING G45 XL BLACK GRAVITY P1,710,24.88,001-I.V.A. 21 %,01-DH.Principal Vtas.
MARVO,Informática,Gaming,Teclados,6932391916513,TECLADO GAMING MECANICO MARVO KG950 FULL RGB RED SWITCH ING,16,61.61,002-I.V.A. 10.5 %,01-DH.Principal Vtas.
MARVO,Informática,Gaming,Teclados,6932391920947,TECLADO GAMING MARVO K656 RETROILUMINADO RGB,0,16.4,002-I.V.A. 10.5 %,01-DH.Principal Vtas.
MARVO,Informática,Gaming,Teclados,6932391922309,TECLADO GAMING MECANICO MARVO KG916 ILUMINADO RGB USB,67,35.62,002-I.V.A. 10.5 %,01-DH.Principal Vtas.
MARVO,Informática,Gaming,Teclados,6932391922316,TECLADO GAMING MECANICO MARVO KG917 ILUMINADO RGB BLUE SWITCH USB,2430,31.23,002-I.V.A. 10.5 %,01-DH.Principal Vtas.
MARVO,Informática,Gaming,Teclados,6932391922507,TECLADO GAMING MARVO K656 RETROILUMINADO RGB,1,15.84,002-I.V.A. 10.5 %,01-DH.Principal Vtas.
MARVO,Informática,Gaming,Teclados,6932391922828,TECLADO GAMING MECANICO MARVO KG945,41,72.47,002-I.V.A. 10.5 %,01-DH.Principal Vtas.
MARVO,Informática,Gaming,Teclados,6932391923252,TECLADO MARVO K606 RGB SP,1331,13.37,002-I.V.A. 10.5 %,01-DH.Principal Vtas.
MARVO,Informática,Gaming,Teclados,6932391923412,TECLADO GAMING MECANICO  COMPACTO MARVO KG901 ILUMINADO RGB BLUE SWITCH USB,2193,29.06,002-I.V.A. 10.5 %,01-DH.Principal Vtas.
MARVO,Informática,Gaming,Teclados,6932391924204,TECLADO GAMING TKL MARVO K607 ESP USB RGB,3090,17.15,002-I.V.A. 10.5 %,01-DH.Principal Vtas.
MARVO,Informática,Gaming,Teclados,6932391924648,TECLADO GAMING 60% MARVO KG962SP-B SWITCH BLUE ESP USB RGB,2409,30.09,002-I.V.A. 10.5 %,01-DH.Principal Vtas.
MARVO,Informática,Gaming,Teclados,KG953-SP,TECLADO MECANICO COMPACTO MARVO KG953 SWITCH BLUE ESP USB TIPO C,931,35.43,002-I.V.A. 10.5 %,01-DH.Principal Vtas.
MARVO,Informática,Periféricos,WEBCAM,6932391923122,WEBCAM MARVO MPC01 1080P MIC 5MPX ILUMINACION LED USB,789,22.19,001-I.V.A. 21 %,01-DH.Principal Vtas.
MATRIX,Audio,Parlante Bluetooth,,MTX-BTSPKBLK,PARLANTE BT MATRIX BLAST NEGRO,77,128.7,001-I.V.A. 21 %,01-DH.Principal Vtas.
MATRIX,Audio,Parlante Bluetooth,,MTX-SBASPKBLU,PARLANTE BT MATRIX SOUND BASS AZUL,392,102.46,001-I.V.A. 21 %,01-DH.Principal Vtas.
MATRIX,Audio,Parlante Bluetooth,Parlante Bluetooth,647213613988,PARLANTE BT MATRIX MINI BOOM AZUL POWER BANK SD AUX,90,84.08,001-I.V.A. 21 %,01-DH.Principal Vtas.
MATRIX,Audio,Parlante Bluetooth,Parlante Portátil,647213613957,PARLANTE BT MATRIX MINIBASS SILVER,541,60.76,001-I.V.A. 21 %,01-DH.Principal Vtas.
MATRIX,Audio,Parlante Bluetooth,Parlante Portátil,647213613964,PARLANTE BT MATRIX MINI BOOM NEGRO POWER BANK SD AUX,495,84.08,001-I.V.A. 21 %,01-DH.Principal Vtas.
MATRIX,Audio,Parlante Bluetooth,Parlante Portátil,647213613971,PARLANTE BT MATRIX MINI BOOM ROJO POWER BANK SD AUX,60,84.08,001-I.V.A. 21 %,01-DH.Principal Vtas.
MATRIX,Audio,Parlante Bluetooth,Parlante Portátil,MTX-BTSPKBLU,PARLANTE BT MATRIX BLAST AZUL,6,128.7,001-I.V.A. 21 %,01-DH.Principal Vtas.
MATRIX,Audio,Parlante Bluetooth,Parlante Portátil,MTX-BTSPKGRY,PARLANTE BT MATRIX BLAST GRIS,16,128.7,001-I.V.A. 21 %,01-DH.Principal Vtas.
MATRIX,Audio,Parlante Bluetooth,Parlante Portátil,MTX-BTSPKRED,PARLANTE BT MATRIX BLAST ROJO,13,128.7,001-I.V.A. 21 %,01-DH.Principal Vtas.
MATRIX,Audio,Parlante Bluetooth,Parlante Portátil,MTX-SBASPKBLK,PARLANTE BT MATRIX SOUND BASS NEGRO,594,102.46,001-I.V.A. 21 %,01-DH.Principal Vtas.
MATRIX,Audio,Parlante Bluetooth,Parlante Portátil,MTX-SBASPKRED,PARLANTE BT MATRIX SOUND BASS ROJO,437,102.46,001-I.V.A. 21 %,01-DH.Principal Vtas.
MOONKI SOUND,Audio,Audio Home,Barras de Sonido,7798135512446,BARRA DE SONIDO 2.1 MOONKI SOUND MX-SB140BT21 CON SUBWOOFER INALÁMBRICO PROCESADOR DSP,237,231.68,001-I.V.A. 21 %,01-DH.Principal Vtas.
MOONKI SOUND,Audio,Auriculares Wired,In Ear,7798135510688,AURICULAR ROJO IN EAR MOONKI SOUND MH-I312,1126,3.96,001-I.V.A. 21 %,01-DH.Principal Vtas.
MOONKI SOUND,Audio,Auriculares Wired,On Ear,7798135510626,AURICULAR AZUL ON EAR MOONKI SOUND MH-O613,4505,11.22,001-I.V.A. 21 %,01-DH.Principal Vtas.
MOONKI SOUND,Audio,Auriculares Wired,On Ear,7798135510640,AURICULAR ROJO ON EAR MOONKI SOUND MH-O613,4355,11.22,001-I.V.A. 21 %,01-DH.Principal Vtas.
MOONKI SOUND,Audio,Auriculares Wireless,Earbud,7798135511968,EARBUDS MOONKI SOUND MA-TWS66 BLACK,180,26.16,002-I.V.A. 10.5 %,01-DH.Principal Vtas.
MOONKI SOUND,Audio,Auriculares Wireless,Earbud,7798135511982,EARBUDS MOONKI SOUND MA-TWSH100 BLACK,0,28.69,002-I.V.A. 10.5 %,01-DH.Principal Vtas.
MOONKI SOUND,Audio,Auriculares Wireless,Earbud,7798135512354,EARBUDS MOONKI SOUND MH-TWS33 BLACK,269,21.54,002-I.V.A. 10.5 %,01-DH.Principal Vtas.
MOONKI SOUND,Audio,Auriculares Wireless,On Ear,7798135510596,AURICULAR BT NEGRO ON EAR MOONKI SOUND MH-O510BT,7262,38.22,001-I.V.A. 21 %,01-DH.Principal Vtas.
MOONKI SOUND,Audio,Auriculares Wireless,On Ear,7798135512347,AURICULAR BT NEGRO ON EAR MOONKI SOUND MH-O710BT,1559,22.75,001-I.V.A. 21 %,01-DH.Principal Vtas.
MOONKI SOUND,Audio,Auriculares Wireless,On Ear,7798135512606,AURICULAR BT NEGRO ON EAR NOISE CANCELING MOONKI SOUND MV-S21BT,624,72.16,001-I.V.A. 21 %,01-DH.Principal Vtas.
MOONKI SOUND,Audio,Parlante Amplificado,Parlante Bluetooth,7798135512453,"PARLANTE POTENCIADO MOONKI SOUND MS-900B - 6,5"" - 900W/60W - INC. MIC C/CABLE - BAT.",1314,174.17,001-I.V.A. 21 %,01-DH.Principal Vtas.
MOONKI SOUND,Audio,Parlante Amplificado,Parlante Bluetooth,7798135512460,"PARLANTE POTENCIADO MOONKI SOUND MS-1200B - 10"" - 1200W/80W - INC. MIC C/CABLE - BAT.",59,253.63,001-I.V.A. 21 %,01-DH.Principal Vtas.
MOONKI SOUND,Audio,Parlante Amplificado,Parlante Bluetooth,7798135512477,"PARLANTE POTENCIADO MOONKI SOUND MS-1600B - 10"" - 1600W/80W - INC. MIC C/CABLE - BAT.",546,205.02,001-I.V.A. 21 %,01-DH.Principal Vtas.
MOONKI SOUND,Audio,Parlante Amplificado,Parlante Bluetooth,7798135512484,"PARLANTE POTENCIADO MOONKI SOUND MS-115B - 15"" - 2500W/100W - INC. MIC C/CABLE Y TRIP. - BAT.",-1,320.37,001-I.V.A. 21 %,01-DH.Principal Vtas.
MOONKI SOUND,Audio,Parlante Amplificado,Parlante Bluetooth,7798135512514,"PARLANTE POTENCIADO MOONKI SOUND MS-P112B - 12"" - 3000W/150W - INC. MIC IN. X 2 - BAT.",65,439.12,001-I.V.A. 21 %,01-DH.Principal Vtas.
MOONKI SOUND,Audio,Parlante Amplificado,Party Speaker,7798135512361,PARLANTE PARTYBOX MOONKI SOUND MW-PB265BLT,94,300.31,001-I.V.A. 21 %,01-DH.Principal Vtas.
MOONKI SOUND,Audio,Parlante Amplificado,Party Speaker,7798135512521,"PARLANTE POTENCIADO MOONKI SOUND MO-PB280 - 2X8"" - 900W/60W - FRENTE ILUM. EF. LLAMAS - BAT.",481,172.76,001-I.V.A. 21 %,01-DH.Principal Vtas.
MOONKI SOUND,Audio,Parlante Amplificado,Party Speaker,7798135512538,"PARLANTE POTENCIADO MOONKI SOUND MD-PB360 - 2X8"" - 1800W/120W - SONIDO 360° - FRENTE ILUM. + LUZ FIE",52,310.46,001-I.V.A. 21 %,01-DH.Principal Vtas.
MOONKI SOUND,Audio,Parlante Amplificado,Party Speaker,7798135512613,"PARLANTE POTENCIADO MOONKI SOUND MW-PB250 - 2X5"" - 900W/60W - BAT.",104,236.28,001-I.V.A. 21 %,01-DH.Principal Vtas.
MOONKI SOUND,Audio,Parlante Amplificado,Torre de Sonido,7798135512156,TORRE DE SONIDO DJ MOONKI SOUND MW-DJ212LT220,57,513.56,001-I.V.A. 21 %,01-DH.Principal Vtas.
MOONKI SOUND,Audio,Parlante Amplificado,Torre de Sonido,7798135512569,"PARLANTE POTENCIADO MOONKI SOUND MA-MT265B - 2x6,5"" - 750W/50W - BAT.",624,155.49,001-I.V.A. 21 %,01-DH.Principal Vtas.
MOONKI SOUND,Audio,Parlante Amplificado,Torre de Sonido,7798135512590,"PARLANTE POTENCIADO MOONKI SOUND MS-X265BT - 2x6,5"" - 900W/60W - BAT.",415,183.3,001-I.V.A. 21 %,01-DH.Principal Vtas.
MOONKI SOUND,Audio,Parlante Bluetooth,Parlante Portátil,7798135512385,PARLANTE PORTÁTIL NEGRO MOONKI SOUND MO-L2077BT-V2,1533,57.53,001-I.V.A. 21 %,01-DH.Principal Vtas.
MOONKI SOUND,Audio,Parlante Bluetooth,Parlante Portátil,7798135512415,PARLANTE PORTÁTIL NEGRO MOONKI SOUND IPX6 MO-L208BT,2757,58.73,001-I.V.A. 21 %,01-DH.Principal Vtas.
MOONKI SOUND,Audio,Parlante Bluetooth,Parlante Portátil,7798135512422,PARLANTE PORTÁTIL NEGRO MOONKI SOUND MO-R88BT,1995,38.62,001-I.V.A. 21 %,01-DH.Principal Vtas.
MOTOROLA,Informática,Celulares,,7790894900120,TELEFONO CELULAR MOTOROLA G51 5G 4GB 128GB DORADO TORNASOL,3,424.28,001-I.V.A. 21 %,01-DH.Principal Vtas.
NAKAMICHI,Audio,Audio Home,Barras de Sonido,6923852110892,BARRA DE SONIDO 2.1 WIRELESS  BT NAKAMICHI  APOLLO220 DOLBY AUDIO  120W,204,314.08,001-I.V.A. 21 %,01-DH.Principal Vtas.
NAKAMICHI,Audio,Audio Home,Barras de Sonido,840735106550,BARRA DE SONIDO 9.2 WIRELESS NAKAMICHI SHOCKWAFE ULTRA 9.2 DOLBY ATMOS 1000W,28,2857.89,001-I.V.A. 21 %,01-DH.Principal Vtas.
NAKAMICHI,Audio,Auriculares,,4897057392334,AURICULAR NAKAMICHI CE100  IN EAR BLANCO,8,4.95,001-I.V.A. 21 %,01-DH.Principal Vtas.
NAKAMICHI,Audio,Auriculares,,4897057392341,AURICULAR NAKAMICHI CE100 IN EAR NEGRO,2,4.95,001-I.V.A. 21 %,01-DH.Principal Vtas.
NAKAMICHI,Audio,Auriculares,,4897057392358,AURICULAR NAKAMICHI CE300 IN EAR NEGRO,997,8.13,001-I.V.A. 21 %,01-DH.Principal Vtas.
NAKAMICHI,Audio,Parlante Bluetooth,,6923852107311,PARLANTE BT NAKAMICHI CUBEBOX 5W IPX7 BLACK,2414,35.18,001-I.V.A. 21 %,01-DH.Principal Vtas.
NAKAMICHI,Audio,Parlante Bluetooth,,6923852107649,PARLANTE BT NAKAMICHI THRILL AZUL,745,75.51,001-I.V.A. 21 %,01-DH.Principal Vtas.
NAKAMICHI,Audio,Parlante Bluetooth,,6923852107823,PARLANTE BT NAKAMICHI CUBEBOX 5W IPX7 BLUE,1484,35.18,001-I.V.A. 21 %,01-DH.Principal Vtas.
NAKAMICHI,Audio,Parlante Bluetooth,,6923852107830,PARLANTE BT NAKAMICHI CUBEBOX 5W IPX7 RED,1463,35.18,001-I.V.A. 21 %,01-DH.Principal Vtas.
NAKAMICHI,Audio,Parlante Bluetooth,,6923852107946,PARLANTE BT NAKAMICHI THRILL NEGRO,1790,78.86,001-I.V.A. 21 %,01-DH.Principal Vtas.
NAKAMICHI,Audio,Parlante Bluetooth,,6923852107953,PARLANTE BT NAKAMICHI THRILL ROJO,660,78.86,001-I.V.A. 21 %,01-DH.Principal Vtas.
NAKAMICHI,Audio,Parlante Bluetooth,,6923852108332,PARLANTE BT NAKAMICHI CUBEBOX 5W IPX7 MINT,540,35.18,001-I.V.A. 21 %,01-DH.Principal Vtas.
NAKAMICHI,Audio,Parlante Bluetooth,,6923852108349,PARLANTE BT NAKAMICHI CUBEBOX 5W IPX7 GREEN,621,35.18,001-I.V.A. 21 %,01-DH.Principal Vtas.
NAKAMICHI,Car-Audio,Accesorios,,6923852110038,NAKAMICHI 0GA POWER CABLE 15M/49FT OFC,10,653.0,001-I.V.A. 21 %,01-DH.Principal Vtas.
NAKAMICHI,Car-Audio,Accesorios,,6923852110182,NAKAMICHI 8GA POWER CABLE 50M/164FT OFC,74,90.33,001-I.V.A. 21 %,01-DH.Principal Vtas.
NAKAMICHI,Car-Audio,Amplificador,,6923852108479,AMPLIFICADOR 4CH NAKAMICHI NKTA75.4 400W,47,136.17,001-I.V.A. 21 %,01-DH.Principal Vtas.
NAKAMICHI,Car-Audio,Amplificador,,6923852109544,AMPLIFICADOR 2CH NAKAMICHI NGO-A80.2 960W,24,124.18,001-I.V.A. 21 %,01-DH.Principal Vtas.
NAKAMICHI,Car-Audio,Amplificador,,6923852109575,AMPLIFICADOR MONOBLOCK NAKAMICHI NGO-D900.1 5400W,58,237.66,001-I.V.A. 21 %,01-DH.Principal Vtas.
NAKAMICHI,Car-Audio,Amplificador,,6923852109582,AMPLIFICADOR MONOBLOCK NAKAMICHI NGO-D500.1 3000W,161,158.44,001-I.V.A. 21 %,01-DH.Principal Vtas.
NAKAMICHI,Car-Audio,Parlantes,,6923852109049,PARLANTE 6X9 NAKAMICHI NSE6918 3V 260W 4OHM,142,70.64,001-I.V.A. 21 %,01-DH.Principal Vtas.
NAKAMICHI,Car-Audio,Parlantes,,6923852109131,"COMPONENTE 6.5"" NAKAMICHI NSECS1658 2V 350W 4OHM",138,108.92,001-I.V.A. 21 %,01-DH.Principal Vtas.
NAKAMICHI,Car-Audio,Parlantes,,NSE1658,"PARLANTE 6.5"" NAKAMICHI NSE1658 3V 360W 4OHM",202,72.61,001-I.V.A. 21 %,01-DH.Principal Vtas.
NAKAMICHI,Car-Audio,Parlantes,"4""",6923852108998,"PARLANTE 4"" NAKAMICHI NSE1018 2V 130W 4OHM",133,45.21,001-I.V.A. 21 %,01-DH.Principal Vtas.
NAKAMICHI,Car-Audio,Parlantes,"6.5""",6923852109087,"PARLANTES 6,5"" NAKAMICHI NSE1658 360W COAXIALES 3 VÍAS",3,84.98,001-I.V.A. 21 %,01-DH.Principal Vtas.
NAKAMICHI,Car-Audio,Parlantes,"6.5""",6923852109117,"COMPONENTE 6.5"" NAKAMICHI NSE-CS1618 2V 200W 4OHM",102,115.42,001-I.V.A. 21 %,01-DH.Principal Vtas.
NAKAMICHI,Car-Audio,Parlantes,"6x9""",6923852109094,"PARLANTES 6,9"" NAKAMICHI NSE6948 500W COAXIALES 3 VÍAS",48,93.95,001-I.V.A. 21 %,01-DH.Principal Vtas.
NAKAMICHI,Car-Audio,Stereo,,6923852111264,"STEREO DOBLE DIN  NAKAMICHI NAM1612 7"" BT USB SD 50W X 4",400,248.46,001-I.V.A. 21 %,01-DH.Principal Vtas.
NAKAMICHI,Car-Audio,Stereo,Din,4656758942954,STEREO SINGLE DIN NAKAMICHI NQ523BD 50WX4 BT/USB FRENTE FIJO,970,86.86,001-I.V.A. 21 %,01-DH.Principal Vtas.
NAKAMICHI,Car-Audio,Stereo,Din,6923852109520,STEREO SINGLE DIN NAKAMICHI NQ616B 50W X 4 - BLUETOOTH - FRENTE FIJO,558,109.42,001-I.V.A. 21 %,01-DH.Principal Vtas.
NAKAMICHI,Car-Audio,Stereo,Din,840735107144,STEREO SINGLE DIN NAKAMICHI NQ821B 50WX4 BT/USB FRENTE DESMONTABLE,32,207.24,001-I.V.A. 21 %,01-DH.Principal Vtas.
NAKAMICHI,Car-Audio,Stereo,Din-Doble,6923852109438,"STEREO DOBLE DIN  NAKAMICHI NA2300/NC5L 6.2"" BT DVD CD USB 50W X 4",56,254.25,001-I.V.A. 21 %,01-DH.Principal Vtas.
NAKAMICHI,Car-Audio,Stereo,Din-Doble,6923852109940,"STEREO DOBLE DIN  NAKAMICHI NAM1610 7"" BT USB SD 50W X 4",49,185.23,001-I.V.A. 21 %,01-DH.Principal Vtas.
NAKAMICHI,Car-Audio,Subwoofer,,6923852107991,"SUBWOOFER NAKAMICHI NSWZ1206D4 12"" DOBLE BOBINA  600W RMS 4OHM",324,145.57,001-I.V.A. 21 %,01-DH.Principal Vtas.
NAKAMICHI,Car-Audio,Subwoofer,,6923852108806,"SUBWOOFER NAKAMICHI NSW12D 12"" BOBINA DOBLE DVC 1200W 4OHM",46,59.41,001-I.V.A. 21 %,01-DH.Principal Vtas.
NAKAMICHI,Car-Audio,Subwoofer,"10""",6923852103429,"SUBWOOFER AMPLIFICADO 10"" B.ASIENTO NAKAMICHI NBX25L",12,307.26,001-I.V.A. 21 %,01-DH.Principal Vtas.
NAKAMICHI,Car-Audio,Subwoofer,"10""",6923852108431,"SUBWOOFER AMPLIFICADO 10"" B.ASIENTO NAKAMICHI NBF10.2A",29,376.03,001-I.V.A. 21 %,01-DH.Principal Vtas.
NAKAMICHI,Car-Audio,Subwoofer,"10""",6923852110588,"SUBWOOFER AMPLIFICADO 10"" B.ASIENTO NAKAMICHI NBF25.0A",27,365.32,001-I.V.A. 21 %,01-DH.Principal Vtas.
NAKAMICHI,Car-Audio,Subwoofer,"12""",6923852101562,"SUBWOOFER AMPLIFICADO 12"" CAJA SLIM NAKAMICHI NBX30A",20,370.92,001-I.V.A. 21 %,01-DH.Principal Vtas.
NAKAMICHI,Car-Audio,Subwoofer,"12""",6923852107977,"SUBWOOFER SLIM 12"" NAKAMICHI NSWX1203S4  BOBINA SIMPLE 250W 4OHM",46,247.43,001-I.V.A. 21 %,01-DH.Principal Vtas.
NAKAMICHI,Car-Audio,Subwoofer,"6x9""",6923852111226,"SUBWOOFER AMPLIFICADO 6X9"" B.ASIENTO NAKAMICHI NBF618S-II",19,255.28,001-I.V.A. 21 %,01-DH.Principal Vtas.
NAKAMICHI,Car-Audio,Subwoofer,"8""",6923852110571,"SUBWOOFER AMPLIFICADO 8"" B.ASIENTO NAKAMICHI NBF20.0A",28,322.0,001-I.V.A. 21 %,01-DH.Principal Vtas.
NETSYS,Informática,Parlantes,,Z01-0078,PARLANTES USB P/ KIT,0,3.71,001-I.V.A. 21 %,01-DH.Principal Vtas.
PIONEER,Audio,Auriculares,,SE-E7BT-H,AURICULAR BT DEPORTIVO HOOK EAR PIONEER SE-E7BT NEGRO Y GRIS,0,89.34,001-I.V.A. 21 %,01-DH.Principal Vtas.
PIONEER,Car-Audio,Parlantes,,884938311663,"PARLANTE 6""x9"" PIONEER TS-A6986R  600W 4V 4OHM",3,174.32,001-I.V.A. 21 %,01-DH.Principal Vtas.
PIONEER,Car-Audio,Parlantes,"6.5""",884938488259,"COMBO STEREO + 4 PARLANTES PIONEER (MVH-S320BT + TS-165P 6.5"")",191,290.2,001-I.V.A. 21 %,01-DH.Principal Vtas.
PIONEER,Car-Audio,Subwoofer,"12""",884938446655,"SUBWOOFER 12"" SLIM CON CAJA PIONEER TS-A3000LB 1500W 400W RMS",35,362.7,001-I.V.A. 21 %,01-DH.Principal Vtas.
PIONEER,Car-Audio,Subwoofer,"12""",884938476416,"SUBWOOFER 12"" PIONEER TSW312S4 1600W 4OHM",14,199.58,001-I.V.A. 21 %,01-DH.Principal Vtas.
PNY,Informática,Componentes,Memorias PC,4712847098695,MEMORIA DDR4 8GB 2666 MHZ PNY XLR8,25,117.83,002-I.V.A. 10.5 %,01-DH.Principal Vtas.
PNY,Informática,Componentes,Memorias PC,4718006451462,MEMORIA PNY DDR4 PERFORMANCE 8GB 2666 MHZ,55,59.56,002-I.V.A. 10.5 %,01-DH.Principal Vtas.
PNY,Informática,Componentes,Memorias PC,751492645766,MEMORIA DDR4 16GB (2X8GB) 4000 MHZ PNY EPIC X RGB,1,293.39,002-I.V.A. 10.5 %,01-DH.Principal Vtas.
PNY,Informática,Componentes,Placas de Video,751492649351,VGA PNY GEFORCE GTX 1660TI 6GB DUAL FAN GDDR6,3,1001.82,002-I.V.A. 10.5 %,01-DH.Principal Vtas.
PNY,Informática,Componentes,SSD,4712847095922,UNIDAD SSD 120GB  PNY CS900 2.5” SATA III 6Gb/s,52,43.69,002-I.V.A. 10.5 %,01-DH.Principal Vtas.
PNY,Informática,Componentes,SSD,4712847095939,"UNIDAD SSD 240GB PNY CS900 2.5"" SATA III 6Gb/s",299,40.42,002-I.V.A. 10.5 %,01-DH.Principal Vtas.
PNY,Informática,Componentes,SSD,4712847099098,UNIDAD SSD M.2 PNY CS3030 500GB NVMe,1,158.02,002-I.V.A. 10.5 %,01-DH.Principal Vtas.
PNY,Informática,Componentes,SSD,4718006450434,UNIDAD SSD M.2 PNY CS1030 1Tb NVMe,8,300.11,002-I.V.A. 10.5 %,01-DH.Principal Vtas.
PNY,Informática,Componentes,SSD,4718006450441,UNIDAD SSD M.2 PNY CS1030 2TB NVMe Gen3x4,4,627.37,002-I.V.A. 10.5 %,01-DH.Principal Vtas.
PNY,Informática,Componentes,SSD,4718006451615,UNIDAD SSD M.2 500GB PNY CS2140 NVMe,7,136.48,002-I.V.A. 10.5 %,01-DH.Principal Vtas.
PNY,Informática,Componentes,SSD,751492639840,UNIDAD SSD M.2 PNY CS3040 500GB NVMe CON DISIPADOR,8,282.1,002-I.V.A. 10.5 %,01-DH.Principal Vtas.
PNY,Informática,Componentes,SSD,751492639857,UNIDAD SSD M.2 PNY CS3040 1TB NVMe CON DISIPADOR M280CS3040-1TB-Rb,4,460.13,002-I.V.A. 10.5 %,01-DH.Principal Vtas.
PNY,Informática,Componentes,SSD Externo,PSD0CS2060-1TB-RB,DISCO SSD EXTERNO 1TB PNY PRO ELITE USB TIPO-C 3.1,5,407.58,001-I.V.A. 21 %,01-DH.Principal Vtas.
QSEE,Informática,Seguridad,DVR,QTH163,DVR QSEE QT163 16 CANALES FULL HD,1,418.81,002-I.V.A. 10.5 %,01-DH.Principal Vtas.
QSEE,Informática,Seguridad,DVR,QTH83,DVR QSEE QTH83 8 CANALES FULL HD 1080P,42,273.59,002-I.V.A. 10.5 %,01-DH.Principal Vtas.
RAZER,Informática,Gaming,Mouses,8886419332817,MOUSE GAMER RAZER BASILISK HYPERSPEED OPTICO WIRELESS,0,83.28,002-I.V.A. 10.5 %,01-DH.Principal Vtas.
ROCKFORD FOSGATE,Car-Audio,Accesorios,,RFK1,KIT INSTALACION ROCKFORD FOSGATE RFK1 1/0 AWG,1,224.46,001-I.V.A. 21 %,01-DH.Principal Vtas.
ROCKFORD FOSGATE,Car-Audio,Amplificador,,780687333126,AMPLIFICADOR 4CH ROCKFORD FOSGATE PRIME R600-4D 600W,10,323.3,001-I.V.A. 21 %,01-DH.Principal Vtas.
ROCKFORD FOSGATE,Car-Audio,Amplificador,,T400X4AD,AMPLIFICADOR 4CH ROCKFORD FOSGATE SERIE T400X4AD,2,428.35,001-I.V.A. 21 %,01-DH.Principal Vtas.
ROCKFORD FOSGATE,Car-Audio,Parlantes,,780687342197,"WOOFER 10"" ROCKFORD FOSGATE PUNCH PPS4-10 700W 4OHM",7,253.25,001-I.V.A. 21 %,01-DH.Principal Vtas.
ROCKFORD FOSGATE,Car-Audio,Subwoofer,,E700219,"SUBWOOFER 12"" ROCKFORDBOX R1L-2X12 DUAL PRIME",1,243.26,001-I.V.A. 21 %,01-DH.Principal Vtas.
ROKU,Electrónica,TV,,829610002880,ROKU PREMIERE 4K (SIN PILAS) (SIN TRAFO),3,82.55,001-I.V.A. 21 %,01-DH.Principal Vtas.
ROKU,Electrónica,TV,,829610002880-B,ROKU PREMIERE 4K BLANCO (SIN PILAS) (SIN TRAFO),1318,85.76,001-I.V.A. 21 %,01-DH.Principal Vtas.
ROKU,Electrónica,TV,,829610003252,ROKU 3930 R EXPRESS,-1,80.68,001-I.V.A. 21 %,01-DH.Principal Vtas.
ROKU,Electrónica,TV,,829610004471,ROKU 3930 MX (SIN TRAFO) (SIN PILAS),0,82.8,001-I.V.A. 21 %,01-DH.Principal Vtas.
SAMSUNG,Electrónica,TV,,UN50AU7000GCZB,"TV LED EQ SMART 50"" UHD - SERIE AU7000",3,772.56,001-I.V.A. 21 %,01-DH.Principal Vtas.
SEAGATE,Informática,Componentes,Disco Rigido Interno,ST1000DM010,"HDD 3.5"" 1TB SEAGATE BARRACUDA 64 MB 7200 RPM",199,100.66,002-I.V.A. 10.5 %,01-DH.Principal Vtas.
SHENLONG,Informática,Gabinete Sin Fuente,Gabinete Sin Fuente,GT-503,GABINETE SHENLONG GT-503 ACRILICO MINI-TOWER RGB RAINBOW RING MICRO-ATX S/FUENTE,372,62.55,002-I.V.A. 10.5 %,01-DH.Principal Vtas.
SHENLONG,Informática,Gabinete Sin Fuente,Gabinete Sin Fuente,SHGC-GT701,GABINETE SHENLONG GT-701 ACRILICO MID-TOWER RGB RAINBOW RING MICRO-ATX S/FUENTE,488,88.49,002-I.V.A. 10.5 %,01-DH.Principal Vtas.
SHENLONG,Informática,Gaming,Auriculares,7798135511869,HEADSET GAMING SHENLONG HS1000 - LED ROJO - JACK 2 X 3.5MM + USB,1623,20.14,001-I.V.A. 21 %,01-DH.Principal Vtas.
SHENLONG,Informática,Gaming,Auriculares,7798135512064,"HEADSET GAMING SHENLONG HS999 CON RETROILUMINACIÓN LED ROJA, 2x3.5 mm + USB. INCLUYE ADAPTADOR PS4",1929,19.46,001-I.V.A. 21 %,01-DH.Principal Vtas.
SHENLONG,Informática,Gaming,Auriculares,7798135512323,"HEADSET GAMING SHENLONG HS-VS7100 SONIDO 7,1 VIRTUAL CON ILUMINACIÓN RAINBOX - CONECTOR USB",816,26.09,001-I.V.A. 21 %,01-DH.Principal Vtas.
SHENLONG,Informática,Gaming,Kit Teclado Y Mouse,7798135511890,COMBO 4 EN 1 GAMING SHENLONG C4001,1093,27.31,002-I.V.A. 10.5 %,01-DH.Principal Vtas.
SHENLONG,Informática,Gaming,Kit Teclado Y Mouse,7798135512057,COMBO GAMING 2 EN 1 SHENLONG C2001- MOUSE Y TECLADO,760,19.22,002-I.V.A. 10.5 %,01-DH.Principal Vtas.
SHENLONG,Informática,Gaming,Microfono,7798135512330,MICRÓFONO STREAMING SHENLONG SM-ARM909 CON SOPORTE DE BRAZO PLEGABLE Y FILTRO POP,717,52.54,001-I.V.A. 21 %,01-DH.Principal Vtas.
SHENLONG,Informática,Gaming,Mouses,7798135511883,MOUSE GAMING SHENLONG M700 - 7 BOTONES - HASTA 6400DI - RAINBOW LED + CABLE MALLADO 1.5M,1459,11.34,002-I.V.A. 10.5 %,01-DH.Principal Vtas.
SHENLONG,Informática,Gaming,Mouses,7798135512071,"MOUSE GAMING SHENLONG M788-7 BOTONES, HASTA 6400 DPI CON RETROILUMINACIÓN RAINBOW",1365,10.06,002-I.V.A. 10.5 %,01-DH.Principal Vtas.
SHENLONG,Informática,Gaming,Mouses,7798135512293,MOUSE GAMING PROFESIONAL RAINBOW SHENLONG  M1000PX 10 BOTONES HASTA 10000 DPI SENSOR PIXART 3325 IC,566,24.39,002-I.V.A. 10.5 %,01-DH.Principal Vtas.
SHENLONG,Informática,Gaming,Mouses,7798135512309,MOUSE GAMING PROFESIONAL RAINBOW SHENLONG M808PX 8 BOTONES HASTA 10000 DPI SENSOR PIXART 3325 IC,963,24.27,002-I.V.A. 10.5 %,01-DH.Principal Vtas.
SHENLONG,Informática,Gaming,Pad Mouse,7798135511906,PAD GAMING SHENLONG P1000M - 350 X 250 X 4 MM - BORDE COCIDO - SUP DE MICROFIBRA,448,7.87,002-I.V.A. 10.5 %,01-DH.Principal Vtas.
SHENLONG,Informática,Gaming,Pad Mouse,7798135511906.21,PAD GAMING SHENLONG P1000M - 350 X 250 X 4 MM - BORDE COCIDO - SUP DE MICROFIBRA,755,5.69,001-I.V.A. 21 %,01-DH.Principal Vtas.
SHENLONG,Informática,Gaming,Pad Mouse,7798135511913.21,PAD GAMING SHENLONG P1000XL - 800 X 300 X 4 MM - BORDE COCIDO - SUP DE MICROFIBRA,2564,9.1,001-I.V.A. 21 %,01-DH.Principal Vtas.
SHENLONG,Informática,Gaming,Pad Mouse,7798135512194,MOUSE PAD RGB GAMING SHENLONG PRORGB-XL TALLE XL,2836,22.6,001-I.V.A. 21 %,01-DH.Principal Vtas.
SHENLONG,Informática,Gaming,Pad Mouse,7798135512200,MOUSE PAD RGB GAMING SHENLONG PRORGB-M TALLE M BASE DE NEOPRENE CON SUPERFICIE DE MICROFIBRA Y BORDE,2495,16.49,001-I.V.A. 21 %,01-DH.Principal Vtas.
SHENLONG,Informática,Gaming,Teclados,7798135511876,TECLADO GAMING SHENLONG KB8700 ESP 105 TECLAS - FUNCION ANTIGHOSTING - RGB,1964,17.69,002-I.V.A. 10.5 %,01-DH.Principal Vtas.
SHENLONG,Informática,Gaming,Teclados,7798135512088,TECLADO MECÁNICO COMPACTO GAMING SHENLONG SMK5900SB-87 TECLAS ESPAÑOL CON ILUMINACIÓN RGB Y ANTIGHOS,3230,34.43,002-I.V.A. 10.5 %,01-DH.Principal Vtas.
SHENLONG,Informática,Gaming,Teclados,7798135512095,"TECLADO MECÁNICO SHENLONG MK9600SB-105 TECLAS ESP, SWITCH BLUE CON ILUMINACIÓN RGB Y ANTIGHOSTING",1981,39.3,002-I.V.A. 10.5 %,01-DH.Principal Vtas.
SHENLONG,Informática,Gaming,Teclados,7798135512316,TECLADO MECÁNICO ULTRACOMPACTO SHENLONG UMK6100SB - 62 TECLAS - CABLE USB TIPO C RAINBOW,1659,34.19,002-I.V.A. 10.5 %,01-DH.Principal Vtas.
SIN MARCA,Electrónica,Salud,,AX-A-01,TERMOMETRO INFRAROJO DIGITAL SIN CONTACTO AX-A-01,5,182.36,001-I.V.A. 21 %,01-DH.Principal Vtas.
SIN MARCA,Electrónica,Salud,,BZ-R6,TERMOMETRO INFRAROJO BING ZUN/BO HUI BZ-R6/T-168 DIGITAL SIN CONTACTO,844,16.38,001-I.V.A. 21 %,01-DH.Principal Vtas.
SIN MARCA,Electrónica,Salud,,N-107,TERMOMETRO INFRAROJO N-107 DIGITAL SIN CONTACTO,1,152.83,001-I.V.A. 21 %,01-DH.Principal Vtas.
SIN MARCA,Electrónica,Salud,,SK-T008,TERMOMETRO INFRAROJO CLOC SK-T008 DIGITAL SIN CONTACTO,1,182.36,001-I.V.A. 21 %,01-DH.Principal Vtas.
SIN MARCA,Informática,Componentes,Memorias PC,OEM16GDDR-IV2666,MEMORIA OEM 16GB DDR4-2666 2Rx8 NON-ECC LONGDIMM BULK,31,163.49,002-I.V.A. 10.5 %,01-DH.Principal Vtas.
SIN MARCA,Informática,Componentes,Memorias PC,OEM8GDDR-IV2666,MEMORIA OEM 8GB DDR4-2666 1Rx8 NON-ECC LONGDIMM BULK,601,75.97,002-I.V.A. 10.5 %,01-DH.Principal Vtas.
SIN MARCA,Informática,Varios,,C67-0001,CABLE ADAPTADOR SATA DATOS,1434,2.9,001-I.V.A. 21 %,01-DH.Principal Vtas.
SIN MARCA,Informática,Varios,,C67-0002,CABLE ADAPTADOR SATA POWER,1359,2.9,001-I.V.A. 21 %,01-DH.Principal Vtas.
SIN MARCA,Salud,Barbijos,,BM-3CPS,BARBIJO DESCARTABLE DE 3 CAPAS,10000,0.6,001-I.V.A. 21 %,11-DH.Dayama
SIN MARCA,Salud,Barbijos,,GXD-K002,BARBIJO DESCARTABLE DE 3 PLIEGUES CON ELÁSTICOS,13980,0.85,001-I.V.A. 21 %,11-DH.Dayama
SIN MARCA,Salud,Barbijos,,KF-L-KD-KZ2012,BARBIJO PROTECTOR KN95 CERTIFICADO,2920,6.8,001-I.V.A. 21 %,11-DH.Dayama
SONOS,Audio,Accesorios,,180501001147,SONOS ROUTER BRIDGE,7,142.77,001-I.V.A. 21 %,01-DH.Principal Vtas.
SUNDAILY,Salud,Barbijos,,KN95-13,BARBIJO SUNDAILY KN95,-200,4.28,001-I.V.A. 21 %,01-DH.Principal Vtas.
SUNDAILY,Salud,Barbijos,,KN95-13,BARBIJO SUNDAILY KN95,3730,4.28,001-I.V.A. 21 %,11-DH.Dayama
SUNDAILY,Salud,Barbijos,,PR-3C,BARBIJO DE 3 CAPAS - ORIGEN PERÚ,50,0.51,001-I.V.A. 21 %,11-DH.Dayama
SUNDAILY,Salud,Barbijos,,SU-3PLY,Barbijo Descartable Tricapa Sundaily,-450,0.77,001-I.V.A. 21 %,01-DH.Principal Vtas.
SUNDAILY,Salud,Barbijos,,SU-3PLY,Barbijo Descartable Tricapa Sundaily,38800,0.77,001-I.V.A. 21 %,11-DH.Dayama
TRUST,Informática,Gaming,Mouses,8713439218138,MOUSE GAMER TRUST GXT 170 HERON OPTICO 17000 DPI RGB,0,66.43,002-I.V.A. 10.5 %,01-DH.Principal Vtas.
XIAN,Salud,Barbijos,,KN95,BARBIJO PROTECTOR XIAN KN95,620,4.89,001-I.V.A. 21 %,11-DH.Dayama
XIAOMI,Audio,Auriculares,,6934177757020,AURICULAR BT XIAOMI REDMI BUDS 3 LITE WHITE,0,44.78,002-I.V.A. 10.5 %,01-DH.Principal Vtas.
XIAOMI,Audio,Auriculares,,6934177757037,AURICULAR BT XIAOMI REDMI BUDS 3 LITE BLACK,0,48.06,002-I.V.A. 10.5 %,01-DH.Principal Vtas.
YOHE,Accesorios Para Motos y Cuatriciclos,Cascos,,FF950GGS,CASCO REBATIBLE YOHE FF950 (S) GREY GLOSS,1,109.58,001-I.V.A. 21 %,11-DH.Dayama
YOHE,Accesorios Para Motos y Cuatriciclos,Cascos,,FF966ANMXL,"CASCO INTEGRAL YOHE FF966A (XL) BLACK ""MATE""",-1,69.72,001-I.V.A. 21 %,11-DH.Dayama
YOHE,Accesorios Para Motos y Cuatriciclos,Cascos,,FF966ANMXL,"CASCO INTEGRAL YOHE FF966A (XL) BLACK ""MATE""",1,69.72,001-I.V.A. 21 %,01-DH.Principal Vtas.
YOHE,Accesorios Para Motos y Cuatriciclos,Cascos,,HMT927MSM,CASCO INTEGRAL C/Y 927 (M) SILVER MATE,1,65.23,001-I.V.A. 21 %,11-DH.Dayama
YOHE,Accesorios Para Motos y Cuatriciclos,Cascos,,M05-0029,"CASCO INTEGRAL YOHE N923 (M) BLACK/GRAY ""MATTE""",60,49.95,001-I.V.A. 21 %,11-DH.Dayama
YOHE,Accesorios Para Motos y Cuatriciclos,Cascos,,M05-0086,CASCO INTEGRAL DE CARBONO C/Y 927 (L),2,395.93,001-I.V.A. 21 %,11-DH.Dayama
YOHE,Accesorios Para Motos y Cuatriciclos,Cascos,,M05-0161,"CASCO INTEGRAL YOHE N923 (S) BLACK/GRAY ""MATTE""",568,49.95,001-I.V.A. 21 %,11-DH.Dayama
YOHE,Accesorios Para Motos y Cuatriciclos,Cascos,,M05-0162,"CASCO INTEGRAL YOHE N923 (S) BLACK/GRAY ""SHINE""",489,49.95,001-I.V.A. 21 %,11-DH.Dayama
YOHE,Accesorios Para Motos y Cuatriciclos,Cascos,,M05-0163,"CASCO INTEGRAL YOHE N923 (S) RED/GRAY ""MATTE""",147,49.95,001-I.V.A. 21 %,11-DH.Dayama
YOHE,Accesorios Para Motos y Cuatriciclos,Cascos,,M05-0164,"CASCO INTEGRAL YOHE N923 (S) RED/GRAY ""SHINE""",133,49.95,001-I.V.A. 21 %,11-DH.Dayama
YOHE,Accesorios Para Motos y Cuatriciclos,Cascos,,M05-0165,"CASCO INTEGRAL YOHE N923 (S) BLUE/GRAY ""MATTE""",130,49.95,001-I.V.A. 21 %,11-DH.Dayama
YOHE,Accesorios Para Motos y Cuatriciclos,Cascos,,M05-0166,"CASCO INTEGRAL YOHE N923 (S) BLUE/GRAY ""SHINE""",160,49.95,001-I.V.A. 21 %,11-DH.Dayama
YOHE,Accesorios Para Motos y Cuatriciclos,Cascos,,M05-0215,"CASCO REBATIBLE YOHE YH-FF936 (S) SILVER (936) ""SHINE""",14,78.19,001-I.V.A. 21 %,11-DH.Dayama
YOHE,Accesorios Para Motos y Cuatriciclos,Cascos,,M05-0217,"CASCO REBATIBLE YOHE YH-FF936 (L) SILVER (936) ""SHINE""",10,78.19,001-I.V.A. 21 %,11-DH.Dayama
YOHE,Accesorios Para Motos y Cuatriciclos,Cascos,,M05-1001,VISOR PARA CASCO INTEGRAL N923,162,10.17,001-I.V.A. 21 %,11-DH.Dayama
YOHE,Accesorios Para Motos y Cuatriciclos,Cascos,,M05-1004,BASE DE VISOR CON TORNILLO PARA CASCO INTEGRAL N923,744,7.06,001-I.V.A. 21 %,11-DH.Dayama
YOHE,Accesorios Para Motos y Cuatriciclos,Cascos,,M05-1005,VISOR PARA CASCO INTEGRAL 903-927,239,34.79,001-I.V.A. 21 %,11-DH.Dayama
YOHE,Accesorios Para Motos y Cuatriciclos,Cascos,,M05-1008,BASE DE VISOR CON TORNILLO PARA CASCO INTEGRAL 903-927,300,7.06,001-I.V.A. 21 %,11-DH.Dayama
YOHE,Accesorios Para Motos y Cuatriciclos,Cascos,,M05-1009,VISOR PARA CASCO REBATIBLE YH-FF936,146,10.86,001-I.V.A. 21 %,11-DH.Dayama
YOHE,Accesorios Para Motos y Cuatriciclos,Cascos,,M05-1012,VISOR PARA CASCO INTEGRAL 833,30,2.16,001-I.V.A. 21 %,11-DH.Dayama
