Código,Descripción,Final USD,Final ESP USD,Promoción,Categoría,Sub Categoría,Marca,Tipo IVA
CONECTOR_LPT,CABLE CONECTOR PUERTO PARALELO /  LPT,2.61,2.53,,CABLES Y ADAPTADORES,CABLES Y ADAPTADORES VARIOS,GENERAL,21.0
400900-TIPO8,CABLE DE ALIMENTACION TIPO 8 220V,1.69,1.65,,PRODUCTOS EN OUTLET,CABLES,GENERAL,21.0
5060012,CABLE PC-INTERLOCK 220V,2.67,2.6,,CABLES Y ADAPTADORES,CABLES DE CORRIENTE,GENERAL,21.0
POWER IRAM,CABLE POWER PLUG INTERLOCK IRAM (FUENTE PC),2.67,2.59,,CABLES Y ADAPTADORES,CABLES DE CORRIENTE,E VIEW,21.0
5060014,CABLE SERIAL ATA 0.5M,0.94,0.94,,CABLES Y ADAPTADORES,CABLES Y ADAPTADORES VARIOS,GENERAL,21.0
USB-10,CABLE USB A TIPO C/MICRO USB/IPHONE/ 3 EN 1 BLACK USB-10,14.91,14.46,,CABLES Y ADAPTADORES,CABLES USB,E-View,21.0
HP 934 BK XL E-VIEW,CARTUCHO ALTERNATIVO C2P23AL HP 934 BK XL E-VIEW,16.41,15.92,,INSUMOS PARA IMPRESORAS,CARTUCHOS HP ALTERNATIVOS,E VIEW,10.5
HP 02 BK E-VIEW,CARTUCHO ALTERNATIVO C8721WL HP 02 BK E-VIEW,1.9,1.85,,INSUMOS PARA IMPRESORAS,CARTUCHOS HP ALTERNATIVOS,E VIEW,10.5
HP 02 C E-VIEW,CARTUCHO ALTERNATIVO C8771WL HP 02 C E-VIEW,1.79,1.73,,INSUMOS PARA IMPRESORAS,CARTUCHOS HP ALTERNATIVOS,E VIEW,10.5
HP 02 ML E-VIEW,CARTUCHO ALTERNATIVO C8772WL HP 02 ML E-VIEW,1.79,1.73,,INSUMOS PARA IMPRESORAS,CARTUCHOS HP ALTERNATIVOS,E VIEW,10.5
HP 02 Y E-VIEW,CARTUCHO ALTERNATIVO C8773WL HP 02 Y E-VIEW,1.79,1.73,,INSUMOS PARA IMPRESORAS,CARTUCHOS HP ALTERNATIVOS,E VIEW,10.5
HP 02 CYAN LIGHT E-VIEW,CARTUCHO ALTERNATIVO C8774WL HP 02 CYAN LIGHT E-VIEW,1.79,1.73,,INSUMOS PARA IMPRESORAS,CARTUCHOS HP ALTERNATIVOS,E VIEW,10.5
HP 02 MAGENTA LIGHT E-VIEW,CARTUCHO ALTERNATIVO C8775WL HP 02 MAGENTA LIGHT E-VIEW,1.79,1.73,,INSUMOS PARA IMPRESORAS,CARTUCHOS HP ALTERNATIVOS,E VIEW,10.5
HP 564 BK E-VIEW,CARTUCHO ALTERNATIVO CB316WL HP 564 BK E-VIEW,1.97,1.91,,INSUMOS PARA IMPRESORAS,CARTUCHOS HP ALTERNATIVOS,E VIEW,10.5
HP 564 C XL E-VIEW,CARTUCHO ALTERNATIVO CB318WL HP 564 C XL E-VIEW,1.69,1.65,,INSUMOS PARA IMPRESORAS,CARTUCHOS HP ALTERNATIVOS,E VIEW,10.5
HP 564 M XL E-VIEW,CARTUCHO ALTERNATIVO CB319WL HP 564 M XL E-VIEW,1.69,1.65,,INSUMOS PARA IMPRESORAS,CARTUCHOS HP ALTERNATIVOS,E VIEW,10.5
HP 564 Y XL E-VIEW,CARTUCHO ALTERNATIVO CB320WL HP 564 Y XL E-VIEW,1.69,1.65,,INSUMOS PARA IMPRESORAS,CARTUCHOS HP ALTERNATIVOS,E VIEW,10.5
HP 950 BK XL E-VIEW,CARTUCHO ALTERNATIVO CN049AL HP 950 BK XL E-VIEW,3.12,3.03,,INSUMOS PARA IMPRESORAS,CARTUCHOS HP ALTERNATIVOS,E VIEW,10.5
HP 932 BK XL E-VIEW,CARTUCHO ALTERNATIVO CN053AL HP 932 BK XL E-VIEW,2.85,2.76,,INSUMOS PARA IMPRESORAS,CARTUCHOS HP ALTERNATIVOS,E VIEW,10.5
HP 933 Y XL E-VIEW,CARTUCHO ALTERNATIVO CN056AL HP 933 Y XL E-VIEW,2.61,2.53,,INSUMOS PARA IMPRESORAS,CARTUCHOS HP ALTERNATIVOS,E VIEW,10.5
HP 564 BK XL E-VIEW,CARTUCHO ALTERNATIVO CN684WN HP 564 BK XL E-VIEW,1.68,1.62,,INSUMOS PARA IMPRESORAS,CARTUCHOS HP ALTERNATIVOS,E VIEW,10.5
HP 711 BK XL E-VIEW,CARTUCHO ALTERNATIVO CZ129A HP 711 BK XL E-VIEW,4.69,4.54,,INSUMOS PARA IMPRESORAS,CARTUCHOS HP ALTERNATIVOS,E VIEW,10.5
C4840A E-VIEW,CARTUCHO ALTERNATIVO HP C4840A(10BK) E-VIEW,3.38,3.27,,INSUMOS PARA IMPRESORAS,CARTUCHOS HP ALTERNATIVOS,E VIEW,10.5
C4841A E-VIEW,CARTUCHO ALTERNATIVO HP C4841A(10C) E-VIEW ,3.38,3.27,,INSUMOS PARA IMPRESORAS,CARTUCHOS HP ALTERNATIVOS,E VIEW,10.5
C4842A E-VIEW,CARTUCHO ALTERNATIVO HP C4842A(10Y) E-VIEW,3.38,3.27,,INSUMOS PARA IMPRESORAS,CARTUCHOS HP ALTERNATIVOS,E VIEW,10.5
C4843A E-VIEW,CARTUCHO ALTERNATIVO HP C4843A(10M) E-VIEW,3.38,3.27,,INSUMOS PARA IMPRESORAS,CARTUCHOS HP ALTERNATIVOS,E VIEW,10.5
KODAK 10B E-VIEW,CARTUCHO ALTERNATIVO KODAK 10B E-VIEW,1.38,1.82,,INSUMOS PARA IMPRESORAS,CARTUCHOS KODAK ALTERNATIVOS,E VIEW,10.5
KODAK 10C E-VIEW,CARTUCHO ALTERNATIVO KODAK 10C E-VIEW,1.88,1.82,,INSUMOS PARA IMPRESORAS,CARTUCHOS KODAK ALTERNATIVOS,E VIEW,10.5
KODAK 30B XL E-VIEW,CARTUCHO ALTERNATIVO KODAK 30B XL KOD1550532 E-VIEW,1.2,1.16,,INSUMOS PARA IMPRESORAS,CARTUCHOS KODAK ALTERNATIVOS,E VIEW,10.5
KODAK 30C XL E-VIEW,CARTUCHO ALTERNATIVO KODAK 30C XL KOD1341080 E-VIEW,1.62,1.58,,INSUMOS PARA IMPRESORAS,CARTUCHOS KODAK ALTERNATIVOS,E VIEW,10.5
GT-T196M,CARTUCHO EPSON ALTERNATIVO GT-T196M GTC,2.44,2.36,,INSUMOS PARA IMPRESORAS,CARTUCHOS EPSON ALTERNATIVOS,GTC,10.5
GT-T296A,CARTUCHO EPSON ALTERNATIVO GT-T296A GTC,5.89,5.71,,INSUMOS PARA IMPRESORAS,CARTUCHOS EPSON ALTERNATIVOS,GTC,10.5
GT-T296C,CARTUCHO EPSON ALTERNATIVO GT-T296C GTC,5.89,5.71,,INSUMOS PARA IMPRESORAS,CARTUCHOS EPSON ALTERNATIVOS,GTC,10.5
GT-T296M,CARTUCHO EPSON ALTERNATIVO GT-T296M GTC,5.89,5.71,,INSUMOS PARA IMPRESORAS,CARTUCHOS EPSON ALTERNATIVOS,GTC,10.5
5001011,CARTUCHO EPSON ALTERNATIVO T013201 (NEG),3.7,3.59,,INSUMOS PARA IMPRESORAS,CARTUCHOS EPSON ALTERNATIVOS,CP,10.5
5001012,CARTUCHO EPSON ALTERNATIVO T014201 (COLOR),3.93,3.82,,INSUMOS PARA IMPRESORAS,CARTUCHOS EPSON ALTERNATIVOS,CP,10.5
5001013,CARTUCHO EPSON ALTERNATIVO T017311 (NEG),3.93,3.82,,INSUMOS PARA IMPRESORAS,CARTUCHOS EPSON ALTERNATIVOS,CP,10.5
T018 E-VIEW,CARTUCHO EPSON ALTERNATIVO T018 E-VIEW,1.99,1.92,,INSUMOS PARA IMPRESORAS,CARTUCHOS EPSON ALTERNATIVOS,E VIEW,10.5
5001014,CARTUCHO EPSON ALTERNATIVO T018311 (COLOR),1.66,1.61,,INSUMOS PARA IMPRESORAS,CARTUCHOS EPSON ALTERNATIVOS,CP,10.5
5001016,CARTUCHO EPSON ALTERNATIVO T019201 (NEG),3.29,3.19,,INSUMOS PARA IMPRESORAS,CARTUCHOS EPSON ALTERNATIVOS,CP,10.5
5001018,CARTUCHO EPSON ALTERNATIVO T020311 (COLOR),2.18,2.11,,INSUMOS PARA IMPRESORAS,CARTUCHOS EPSON ALTERNATIVOS,CP,10.5
5001020,CARTUCHO EPSON ALTERNATIVO T026401 (NEG),2.18,2.11,,INSUMOS PARA IMPRESORAS,CARTUCHOS EPSON ALTERNATIVOS,CP,10.5
5001034,CARTUCHO EPSON ALTERNATIVO T027401 (COLOR),2.18,2.11,,INSUMOS PARA IMPRESORAS,CARTUCHOS EPSON ALTERNATIVOS,CP,10.5
5001032,CARTUCHO EPSON ALTERNATIVO T028201 (NEG),2.18,2.11,,INSUMOS PARA IMPRESORAS,CARTUCHOS EPSON ALTERNATIVOS,CP,10.5
5001021,CARTUCHO EPSON ALTERNATIVO T029201 (COLOR),2.18,2.11,,INSUMOS PARA IMPRESORAS,CARTUCHOS EPSON ALTERNATIVOS,CP,10.5
5001023,CARTUCHO EPSON ALTERNATIVO T037020 (COLOR),2.18,2.11,,INSUMOS PARA IMPRESORAS,CARTUCHOS EPSON ALTERNATIVOS,CP,10.5
5001024,CARTUCHO EPSON ALTERNATIVO T040120 (NEG),2.18,2.11,,INSUMOS PARA IMPRESORAS,CARTUCHOS EPSON ALTERNATIVOS,CP,10.5
5001025,CARTUCHO EPSON ALTERNATIVO T041120 (COLOR),2.18,2.11,,INSUMOS PARA IMPRESORAS,CARTUCHOS EPSON ALTERNATIVOS,CP,10.5
T0461 N E-VIEW,CARTUCHO EPSON ALTERNATIVO T0461 NEGRO E-VIEW,0.98,0.95,,INSUMOS PARA IMPRESORAS,CARTUCHOS EPSON ALTERNATIVOS,E VIEW,10.5
T0472 C E-VIEW,CARTUCHO EPSON ALTERNATIVO T0472 CYAN E-VIEW,0.98,0.95,,INSUMOS PARA IMPRESORAS,CARTUCHOS EPSON ALTERNATIVOS,E VIEW,10.5
T0473 M E-VIEW,CARTUCHO EPSON ALTERNATIVO T0473 MAGENTA E-VIEW,0.98,0.95,,INSUMOS PARA IMPRESORAS,CARTUCHOS EPSON ALTERNATIVOS,E VIEW,10.5
T0474 A E-VIEW,CARTUCHO EPSON ALTERNATIVO T0474 AMARILLO E-VIEW,0.98,0.95,,INSUMOS PARA IMPRESORAS,CARTUCHOS EPSON ALTERNATIVOS,E VIEW,10.5
5001040,CARTUCHO EPSON ALTERNATIVO T048120 (NEG),1.41,1.37,,INSUMOS PARA IMPRESORAS,CARTUCHOS EPSON ALTERNATIVOS,CP,10.5
5001041,CARTUCHO EPSON ALTERNATIVO T048220 (CYAN),1.41,1.37,,INSUMOS PARA IMPRESORAS,CARTUCHOS EPSON ALTERNATIVOS,CP,10.5
5001042,CARTUCHO EPSON ALTERNATIVO T048320 (MAGENTA),1.41,1.37,,INSUMOS PARA IMPRESORAS,CARTUCHOS EPSON ALTERNATIVOS,CP,10.5
999801013,CARTUCHO EPSON ALTERNATIVO T048520 (CYAN CLARO),2.3,2.23,,INSUMOS PARA IMPRESORAS,CARTUCHOS EPSON ALTERNATIVOS,CP,10.5
T0634 A E-VIEW,CARTUCHO EPSON ALTERNATIVO T0634 AMARILLO E-VIEW,0.73,0.71,,INSUMOS PARA IMPRESORAS,CARTUCHOS EPSON ALTERNATIVOS,E VIEW,10.5
T0821N N E-VIEW,CARTUCHO EPSON ALTERNATIVO T0821N NEGRO E-VIEW,1.25,1.22,,INSUMOS PARA IMPRESORAS,CARTUCHOS EPSON ALTERNATIVOS,E VIEW,10.5
T0822N C E-VIEW,CARTUCHO EPSON ALTERNATIVO T0822N CYAN E-VIEW,1.25,1.22,,INSUMOS PARA IMPRESORAS,CARTUCHOS EPSON ALTERNATIVOS,E VIEW,10.5
T0823N M E-VIEW,CARTUCHO EPSON ALTERNATIVO T0823N MAGENTA E-VIEW,1.25,1.22,,INSUMOS PARA IMPRESORAS,CARTUCHOS EPSON ALTERNATIVOS,E VIEW,10.5
T0824N A E-VIEW,CARTUCHO EPSON ALTERNATIVO T0824N AMARILLO E-VIEW,1.25,1.22,,INSUMOS PARA IMPRESORAS,CARTUCHOS EPSON ALTERNATIVOS,E VIEW,10.5
T0825N LC E-VIEW,CARTUCHO EPSON ALTERNATIVO T0825N CYAN LIGHT E-VIEW,1.25,1.22,,INSUMOS PARA IMPRESORAS,CARTUCHOS EPSON ALTERNATIVOS,E VIEW,10.5
T0826N LM E-VIEW,CARTUCHO EPSON ALTERNATIVO T0826N MAGENTA LIGHT E-VIEW,1.25,1.22,,INSUMOS PARA IMPRESORAS,CARTUCHOS EPSON ALTERNATIVOS,E VIEW,10.5
T1171 N E-VIEW,CARTUCHO EPSON ALTERNATIVO T1171 NEGRO E-VIEW,1.25,1.22,,INSUMOS PARA IMPRESORAS,CARTUCHOS EPSON ALTERNATIVOS,E VIEW,10.5
T1331 N E-VIEW,CARTUCHO EPSON ALTERNATIVO T1331 NEGRO E-VIEW,1.16,1.13,,INSUMOS PARA IMPRESORAS,CARTUCHOS EPSON ALTERNATIVOS,E VIEW,10.5
T1962 C E-VIEW,CARTUCHO EPSON ALTERNATIVO T1962 CYAN E-VIEW,2.08,2.01,,INSUMOS PARA IMPRESORAS,CARTUCHOS EPSON ALTERNATIVOS,E VIEW,10.5
T1963 M E-VIEW,CARTUCHO EPSON ALTERNATIVO T1963 MAGENTA E-VIEW,2.08,2.01,,INSUMOS PARA IMPRESORAS,CARTUCHOS EPSON ALTERNATIVOS,E VIEW,10.5
T1963 M E-VIEW (CR),CARTUCHO EPSON ALTERNATIVO T1963 MAGENTA E-VIEW (CAJA ROTA),1.33,1.28,,INSUMOS PARA IMPRESORAS,CARTUCHOS EPSON ALTERNATIVOS,E VIEW,10.5
T2964 A E-VIEW,CARTUCHO EPSON ALTERNATIVO T2964 AMARILLO E-VIEW,3.54,3.44,,INSUMOS PARA IMPRESORAS,CARTUCHOS EPSON ALTERNATIVOS,E VIEW,10.5
ALT51625AL,CARTUCHO HP ALTERNATIVO 51625AL #25 TRICOLOR,6.0,5.81,,INSUMOS PARA IMPRESORAS,CARTUCHOS HP ALTERNATIVOS,CP,10.5
ALT51626AL,CARTUCHO HP ALTERNATIVO 51626AL #26 NEGRO,4.95,4.8,,INSUMOS PARA IMPRESORAS,CARTUCHOS HP ALTERNATIVOS,CP,10.5
ALT51649AL,CARTUCHO HP ALTERNATIVO 51649AL #49 TRICOLOR,7.82,7.58,,INSUMOS PARA IMPRESORAS,CARTUCHOS HP ALTERNATIVOS,CP,10.5
ALTC6614DL,CARTUCHO HP ALTERNATIVO C6614DL #20 NEGRO,15.37,14.91,,INSUMOS PARA IMPRESORAS,CARTUCHOS HP ALTERNATIVOS,CP,10.5
ALTCB318WL,CARTUCHO HP ALTERNATIVO CB318WL #564 CYAN,12.43,12.03,,INSUMOS PARA IMPRESORAS,CARTUCHOS HP ALTERNATIVOS,CP,10.5
ALTCB319WL,CARTUCHO HP ALTERNATIVO CB319WL #564 MAGENTA,12.43,12.03,,INSUMOS PARA IMPRESORAS,CARTUCHOS HP ALTERNATIVOS,CP,10.5
YD3200C5FHBOX,CPU AMD RYZEN 3 3200G  SOCKET AM4 (BOX) ,218.08,211.53,En Equipo,HARDWARE,MICROPROCESADORES,AMD,10.5
100-100000252BOX,CPU AMD RYZEN 5 5600G 6 CORE 3.9GHZ AM4 (BOX),364.53,353.6,En Equipo,HARDWARE,MICROPROCESADORES,AMD,10.5
100-100000263BOX,CPU AMD RYZEN 7 5700G  AM4 ,512.6,497.25,En Equipo,HARDWARE,MICROPROCESADORES,AMD,10.5
100-100000061,CPU AMD RYZEN 9 5900X AM4 (SIN COOLER),956.89,928.2,773.50 ,HARDWARE,MICROPROCESADORES,AMD,10.5
BX80701G5905,CPU INTEL CELERON G5905 3.50GHZ S1200,92.09,89.33,,HARDWARE,MICROPROCESADORES,INTEL,10.5
BX8070110100,CPU INTEL CORE I3-10100 3.60GHZ 1200,272.29,264.12,,HARDWARE,MICROPROCESADORES,INTEL,10.5
BX8070110105,CPU INTEL CORE I3-10105 3.70GHZ S1200,274.54,266.31,,HARDWARE,MICROPROCESADORES,INTEL,10.5
BX8071512100,CPU INTEL CORE I3-12100 4.30GHZ S1700,309.8,300.49,,HARDWARE,MICROPROCESADORES,INTEL,10.5
BX8070110400,CPU INTEL CORE I5-10400 2.90GHZ S1200 ,366.98,355.98,,HARDWARE,MICROPROCESADORES,INTEL,10.5
BX8070811400,CPU INTEL CORE I5-11400 2.60GHZ S1200,431.03,418.1,,HARDWARE,MICROPROCESADORES,INTEL,10.5
BX8071512400,CPU INTEL CORE I5-12400 S1700 BOX,487.39,472.77,,HARDWARE,MICROPROCESADORES,INTEL,10.5
BX8071512700,CPU INTEL CORE I7-12700 3.6GHZ S1700 (BOX) ,806.82,782.61,,HARDWARE,MICROPROCESADORES,INTEL,10.5
BX8071512900,CPU INTEL CORE I9-12900 S1700,1111.23,1077.92,,HARDWARE,MICROPROCESADORES,INTEL,10.5
80662G4400MPK,CPU INTEL PENTIUM DC G4400 3.3 GHZ S1151 (TRAY+COOLER),82.01,79.56,,HARDWARE,MICROPROCESADORES,INTEL,10.5
BX80701G6400,CPU INTEL PENTIUM GOLD G6400 4.00GHZ 1200 ,154.08,149.46,,HARDWARE,MICROPROCESADORES,INTEL,10.5
BX80715G7400,CPU INTEL PENTIUM GOLD G7400 S1700,169.73,164.65,,HARDWARE,MICROPROCESADORES,INTEL,10.5
MD4GSD31600BL,DDR3 4 GB 1600MHZ UDIMM PNY,37.01,35.9,,HARDWARE,MEMORIAS PARA COMPUTADORAS,PNY,10.5
MD8GSD31600BL,DDR3 8 GB 1600MHZ UDIMM PNY,49.6,46.6,,HARDWARE,MEMORIAS PARA COMPUTADORAS,PNY,10.5
KF432C16BB/16,DDR4 16 GB 3200MHZ FURY BEAST BLK KINGSTON,110.15,106.84,,HARDWARE,MEMORIAS PARA COMPUTADORAS,KINGSTON,10.5
KF432C16BBA/16,DDR4 16 GB 3200MHZ FURY BEAST RGB KINGSTON,114.25,110.83,,HARDWARE,MEMORIAS PARA COMPUTADORAS,KINGSTON,10.5
KVR32N22S8/16,DDR4 16 GB 3200MHZ KINGSTON 1RX8,96.88,93.97,88.40 ,HARDWARE,MEMORIAS PARA COMPUTADORAS,KINGSTON,10.5
MD16GSD4320016-TB,DDR4 16 GB 3200MHZ PNY LONGDIMM RETAIL,80.15,77.75,71.83 ,HARDWARE,MEMORIAS PARA COMPUTADORAS,PNY,10.5
MD16GD4320016LP,DDR4 16 GB 3200MHZ PNY XLR8 GAMING LOW PROFILE ,97.57,94.64,,HARDWARE,MEMORIAS PARA COMPUTADORAS,PNY,10.5
MD16GD4320016XR,DDR4 16 GB 3200MHZ PNY XLR8 GAMING RETAIL,97.14,94.29,,HARDWARE,MEMORIAS PARA COMPUTADORAS,PNY,10.5
MN16GSD43200XR-RB,DDR4 16 GB 3200MHZ SODIMM GAMING PNY,93.33,90.53,71.86 ,HARDWARE,MEMORIAS PARA NOTEBOOK,PNY,10.5
MD32GSD43200-TB,DDR4 32 GB 3200MHZ  UDIMM PNY,159.97,155.18,,HARDWARE,MEMORIAS PARA COMPUTADORAS,PNY,10.5
KVR32N22D8/32,DDR4 32 GB 3200MHZ CL22 KINGSTON,199.72,193.72,,HARDWARE,MEMORIAS PARA COMPUTADORAS,KINGSTON,10.5
MD4GSD42666-TB,DDR4 4 GB 2666MHZ PNY UDIMM 1.2V,22.79,22.1,,HARDWARE,MEMORIAS PARA COMPUTADORAS,PNY,10.5
MD4GSD42666BL,DDR4 4 GB 2666MHZ PNY UDIMM 1.2V,22.79,22.1,,HARDWARE,MEMORIAS PARA COMPUTADORAS,PNY,10.5
MN4GSD42666TB,DDR4 4 GB 2666MHZ SODIMM PNY,33.84,32.82,27.63 ,HARDWARE,MEMORIAS PARA NOTEBOOK,PNY,10.5
KVR32N22S6/8,DDR4 8 GB 3200MHZ CL22 KINGSTON,57.16,55.45,49.73 ,HARDWARE,MEMORIAS PARA COMPUTADORAS,KINGSTON,10.5
KF432C16BB/8,DDR4 8 GB 3200MHZ FURY BEAST BLK KINGSTON,59.31,57.53,,HARDWARE,MEMORIAS PARA COMPUTADORAS,KINGSTON,10.5
KF432C16BBA/8,DDR4 8 GB 3200MHZ FURY BEAST RGB KINGSTON,64.29,62.36,,HARDWARE,MEMORIAS PARA COMPUTADORAS,KINGSTON,10.5
LD4AU008G-R3200USST,DDR4 8 GB 3200MHZ LEXAR (SOLO EN KIT i3-9100),36.45,35.36,,HARDWARE,MEMORIAS PARA COMPUTADORAS,LEXAR,10.5
MD8GD4320016XR,DDR4 8 GB 3200MHZ PNY GAMING RETAIL,51.26,49.73,,HARDWARE,MEMORIAS PARA COMPUTADORAS,PNY,10.5
MD8GD4320016XRGB,DDR4 8 GB 3200MHZ PNY GAMING RETAIL XLR8 RGB,54.68,53.04,,HARDWARE,MEMORIAS PARA COMPUTADORAS,PNY,10.5
MD8GSD4320016-TB,DDR4 8 GB 3200MHZ PNY RETAIL 1.35V,43.28,41.98,35.36 ,HARDWARE,MEMORIAS PARA COMPUTADORAS,PNY,10.5
KVR32S22S8/8,DDR4 8 GB 3200MHZ SODIMM KINGSTON,74.05,71.83,54.15 ,HARDWARE,MEMORIAS PARA NOTEBOOK,KINGSTON,10.5
KVR32S22S6/8,DDR4 8 GB 3200MHZ SODIMM KINGSTON,74.05,71.83,54.15 ,HARDWARE,MEMORIAS PARA NOTEBOOK,KINGSTON,10.5
AX4U320088G16A-SB10,DDR4 8 GB 3200MHZ XPG GAMMIX D10 BLACK,55.92,54.24,,HARDWARE,MEMORIAS PARA COMPUTADORAS,XPG,10.5
X4U320008G16A-CBK20,DDR4 8 GB 3200MHZ XPG GAMMIX D10 BLACK ADATA,55.86,54.18,,HARDWARE,MEMORIAS PARA COMPUTADORAS,XPG,10.5
HDTB510XK3AA,DISCO PORTABLE 1 TB USB 3.0 TOSHIBA CANVIO BASICS,123.09,119.4,,MEMORIAS PORTATILES,DISCOS RIGIDOS EXTERNOS,TOSHIBA,10.5
WDBUZG0010BBK,DISCO PORTABLE 1 TB USB 3.0 WD ELEMENTS,124.91,121.16,,MEMORIAS PORTATILES,DISCOS RIGIDOS EXTERNOS,WESTER DIGITAL,10.5
WDBU6Y0020BBK,DISCO PORTABLE 2 TB USB 3.0 WD ELEMENTS,161.72,156.87,,MEMORIAS PORTATILES,DISCOS RIGIDOS EXTERNOS,WESTER DIGITAL,10.5
WDBJRT0020BBK,DISCO PORTABLE 2 TB USB 3.0 WD ELEMENTS SE,161.71,156.85,,MEMORIAS PORTATILES,DISCOS RIGIDOS EXTERNOS,WESTER DIGITAL,10.5
HDTB520XK3AA,DISCO PORTABLE CANVIO BASICS 2 TB USB 3.0 TOSHIBA,158.43,153.68,,MEMORIAS PORTATILES,DISCOS RIGIDOS EXTERNOS,TOSHIBA,10.5
STKM4000400,DISCO PORTABLE EXPANSION 4 TB USB 3.0 SEAGATE,262.05,254.19,,MEMORIAS PORTATILES,DISCOS RIGIDOS EXTERNOS,SEAGATE,10.5
AHD710P-2TU31-CBK,DISCO PORTABLE HD710P 2 TB USB 3.0 ADATA,184.37,178.84,,MEMORIAS PORTATILES,DISCOS RIGIDOS EXTERNOS,A-DATA,10.5
WD10PURZ,DISCO RIGIDO 1 TB SATA III PURPLE WD,103.64,100.53,,HARDWARE,DISCOS INTERNOS,WESTER DIGITAL,10.5
WD10EZEX,DISCO RIGIDO 1 TB SATA III WESTERN DIGITAL BLUE,79.8,77.42,,HARDWARE,DISCOS INTERNOS,WESTER DIGITAL,10.5
ST2000DM008,DISCO RIGIDO 2 TB SATA III 256MB BARRACUDA SEAGATE,96.84,93.94,,HARDWARE,DISCOS INTERNOS,SEAGATE,10.5
WD42PURZ,DISCO RIGIDO 4 TB SATA III PURPLE WD,199.41,193.43,,HARDWARE,DISCOS INTERNOS,WESTER DIGITAL,10.5
WD82PURZ,DISCO RIGIDO 8 TB SATA III PURPLE WD,394.25,382.42,,HARDWARE,DISCOS INTERNOS,WESTER DIGITAL,10.5
ST8000VE000,DISCO RIGIDO 8 TB SATA III SEAGATE SKYHAWK SURVEILLANCE,386.76,375.15,,HARDWARE,DISCOS INTERNOS,SEAGATE,10.5
HDWG180XZSTA,DISCO RIGIDO 8 TB SATA III TOSHIBA N300 NAS,337.18,327.08,,HARDWARE,DISCOS INTERNOS,TOSHIBA,10.5
ASU650SS-120GT-R,"DISCO SSD 120GB SATA III 2.5"" ADATA SU650",26.73,25.92,,HARDWARE,DISCOS INTERNOS SSD,A-DATA,10.5
M280CS1031-1TB-CL,DISCO SSD 1TB M.2 NVME PNY CS1031,102.52,99.45,96.14 ,HARDWARE,DISCOS INTERNOS SSD,PNY,10.5
SNV2S-1000G.,DISCO SSD 1TB NV2 SNVS SERIE-PCIe NVME M.2 KINGSTON,135.16,131.11,124.87 ,HARDWARE,DISCOS INTERNOS SSD,KINGSTON,10.5
SNV2S-1000G,DISCO SSD 1TB NV2 SNVS SERIE-PCIe NVME M.2 KINGSTON,135.16,131.11,124.87 ,HARDWARE,DISCOS INTERNOS SSD,KINGSTON,10.5
SSD7CS900-1TB-RB,"DISCO SSD 1TB SATA III 2.5"" PNY CS900",96.83,93.93,88.40 ,HARDWARE,DISCOS INTERNOS SSD,GENERAL,10.5
SA400S37-240G,"DISCO SSD 240GB SATA III 2.5"" A400 KINGSTON",47.85,46.41,43.10 ,HARDWARE,DISCOS INTERNOS SSD,KINGSTON,10.5
ASU650SS-240GT-R,"DISCO SSD 240GB SATA III 2.5"" ADATA SU650",39.87,38.68,31.33 ,HARDWARE,DISCOS INTERNOS SSD,A-DATA,10.5
SNV2S-250G,DISCO SSD 250GB NV2 SNVS SERIE-PCIe NVME M.2 KINGSTON,61.52,59.67,55.25 ,HARDWARE,DISCOS INTERNOS SSD,KINGSTON,10.5
M280CS1031-256-CL,DISCO SSD 256GB M.2 NVME PNY CS1031,46.71,45.31,44.92 ,HARDWARE,DISCOS INTERNOS SSD,PNY,10.5
070026,DISCO SSD 256GB M.2 SATA II VI560 VERBATIM,47.85,46.41,46.01 ,HARDWARE,DISCOS INTERNOS SSD,VERBATIM,10.5
SA400S37-480G,"DISCO SSD 480GB SATA III 2.5"" A400 KINGSTON",66.11,64.12,62.83 ,HARDWARE,DISCOS INTERNOS SSD,KINGSTON,10.5
ASU650SS-480GT-R,"DISCO SSD 480GB SATA III 2.5"" ADATA SU650",52.51,50.93,50.50 ,HARDWARE,DISCOS INTERNOS SSD,A-DATA,10.5
SNV2S-500G,DISCO SSD 500GB NV2 SNVS SERIE-PCIe NVME M.2 KINGSTON,84.55,82.01,,HARDWARE,DISCOS INTERNOS SSD,KINGSTON,10.5
SSD7CS900-500-RB,"DISCO SSD 500GB SATA III 2.5"" PNY CS900",54.72,53.08,47.64 ,HARDWARE,DISCOS INTERNOS SSD,GENERAL,10.5
070384,DISCO SSD 512GB M.2 SATA III VI560 VERBATIM,67.21,65.2,60.78 ,HARDWARE,DISCOS INTERNOS SSD,VERBATIM,10.5
SA400S37-960G,"DISCO SSD 960GB SATA III 2.5"" A400 KINGSTON",127.58,123.76,109.58 ,HARDWARE,DISCOS INTERNOS SSD,KINGSTON,10.5
ASU650SS-960GT-R,"DISCO SSD 960GB SATA III 2.5"" ADATA SU650",102.48,99.41,98.55 ,HARDWARE,DISCOS INTERNOS SSD,A-DATA,10.5
6001334,DLINK DI-LB604/A 4-PORT LOAD INTERN,33.77,33.44,,PRODUCTOS EN OUTLET,OUTLET,DLINK,10.5
6001335,DLINK DVG-5121SP/A VOLP TEL ADAPTER,28.14,27.86,,PRODUCTOS EN OUTLET,OUTLET,DLINK,10.5
6001342,DLINK DWA-620 108G NB ADAPTER WIRELL,11.26,11.15,,PRODUCTOS EN OUTLET,OUTLET,DLINK,10.5
6001349,DLINK DWL-2200AP/A 802.11G INDOOR,182.37,180.55,,PRODUCTOS EN OUTLET,OUTLET,DLINK,10.5
6001331,DLINK DWL-7100AP/A 802.11A/G WILL,112.58,111.45,,PRODUCTOS EN OUTLET,OUTLET,DLINK,10.5
T063220,EPSON T063220 CYAN C67/C87/CX3700 v,5.76,5.57,,INSUMOS PARA IMPRESORAS,CARTUCHOS EPSON ORIGINALES,EPSON,10.5
T063320,EPSON T063320 MAG C67/C87/CX3700 v,5.76,5.57,,INSUMOS PARA IMPRESORAS,CARTUCHOS EPSON ORIGINALES,EPSON,10.5
T063420,EPSON T063420 YEL C67/C87/CX3700,5.76,5.57,,INSUMOS PARA IMPRESORAS,CARTUCHOS EPSON ORIGINALES,EPSON,10.5
T133420,"EPSON T133420 AMAR TX420W,T25,TX125",9.64,9.33,,INSUMOS PARA IMPRESORAS,CARTUCHOS EPSON ORIGINALES,EPSON,10.5
TCA-1200N-V,ESTABILIZADOR LYONN TCA-1200N-V,32.43,31.46,,UNIDADES DE ENERGIA,ESTABILIZADORES DE TENSION,LYONN,21.0
TCA-2000-H,ESTABILIZADOR LYONN TCA-2000H P/HELADERA,33.02,32.03,,UNIDADES DE ENERGIA,ESTABILIZADORES DE TENSION,GENERAL,21.0
TCA-2000N-V,ESTABILIZADOR LYONN TCA-2000N-V,45.53,44.17,,UNIDADES DE ENERGIA,ESTABILIZADORES DE TENSION,LYONN,21.0
HDMI-M_H,E-VIEW ADAPTADOR HDMI M/H NEGRO,1.29,1.26,,CABLES Y ADAPTADORES,CABLES Y ADAPTADORES VARIOS,E-View,21.0
LD369B-I,E-VIEW MOUSE GAMING BLACK USB LD369B-I,4.08,3.96,,PERIFERICOS,MOUSE GAMING,E-View,10.5
LD369B-R,E-VIEW MOUSE GAMING GOMA USB LD369B-R,4.4,4.27,,PERIFERICOS,MOUSE GAMING,E-View,10.5
LD369B-B,E-VIEW MOUSE GAMING LED 3 COLORES USB LD369B-B,4.65,4.52,,PERIFERICOS,MOUSE GAMING,E-View,10.5
ADS-40SG-19-33,FUENTE MONITOR 19V 1.3A 25W (5.5*1.7),14.59,14.16,,MONITORES,FUENTES PARA MONITORES,GENERAL,21.0
ADP-65YBB,FUENTE NOTEBOOK AC ADAPTER - ADP-65YBB LENOVO/20V-3.25A/ PIN REDONDO,21.15,20.51,,NOTEBOOK,FUENTES PARA NOTEBOOK,GENERAL,21.0
GAB-MF3301,GABINETE E-VIEW KIT-MF3301 600W (TEC+MOU)  (COMPONENTES),79.91,77.52,,GABINETES PARA PC / FUENTES,GABINETES CON KIT,GENERAL,10.5
GAB-MF609,GABINETE E-VIEW KIT-MF609 600W (TEC+MOU)  (COMPONENTES),79.91,77.52,,GABINETES PARA PC / FUENTES,GABINETES CON KIT,GENERAL,10.5
GAB-S609,GABINETE E-VIEW S609 600W,71.8,69.65,,GABINETES PARA PC / FUENTES,GABINETES CON KIT,GENERAL,10.5
GAB-K2-750,GABINETE GAMING E-VIEW KIT-K2 RGB 750W 80+ (TEC+MOU+CAM+COOLERX4),204.17,198.05,,GABINETES PARA PC / FUENTES,GABINETES CON KIT,GENERAL,10.5
LC728-12,GABINETE KIT-LC728-12 500W (TEC+MOU),95.42,92.55,,GABINETES PARA PC / FUENTES,GABINETES CON KIT,GENERAL,10.5
31030118101,GENIUS MOUSE MINI NAVIGATOR USB BLUE,9.54,6.86,,PERIFERICOS,MOUSE,GENIUS,10.5
31030117101,GENIUS MOUSE MINI NAVIGATOR USB RUBY,7.07,6.86,,PERIFERICOS,MOUSE,GENIUS,10.5
31620001101_O,GENIUS SPEED WHEEL 3 VIBRATION USB WHEEL,64.82,62.87,,PERIFERICOS,JOYSTICK/GAMEPAD/VOLANTES,GENIUS,21.0
GA00439-US SF-LA,GOOGLE CHROMECAST 3 SMART TV HDMI USB (SIN FUENTE),87.31,84.7,79.19 ,AUDIO/VIDEO,CONVERTIDORES SMART,GOOGLE,21.0
GA01919-US SF,GOOGLE CHROMECAST 4K /GOOGLE TV/SNOW (SIN FUENTE),140.48,136.27,121.10 ,AUDIO/VIDEO,CONVERTIDORES SMART,GOOGLE,21.0
GA03131-US,GOOGLE CHROMECAST HD +  GOOGLE TV (SIN FUENTE),111.44,108.1,99.89 ,AUDIO/VIDEO,CONVERTIDORES SMART,GOOGLE,21.0
464A7LT-ABA,"HP 200 G8 21 ALL-IN-ONE CELERON J4025/4GB/1TB/20.7"" FHD/FREEDOS/ESP",880.31,853.93,813.27 ,PC,ALL IN ONE,HP,10.5
1S1V1LT-ABM,"HP 205 G4 ALL-IN-ONE ATHLON SILVER 3050U/4GB/1TB/21.5"" FHD/FREEDOS/ESP",980.83,951.41,906.10 ,PC,ALL IN ONE,HP,10.5
577G2AA,"HP 24-CB0029 ALL-IN-ONE RYZEN 5 5500U/8GB/SSD 512GB/23.8"" FHD TOUCH/W11",2050.52,1989.0,1492.95 ,PC,ALL IN ONE,HP,10.5
C4902AL,HP C4902AL #940 BLACK v,17.13,16.59,,INSUMOS PARA IMPRESORAS,CARTUCHOS HP ORIGINALES,HP,10.5
C4903AL,HP C4903AL #940 CYAN v,13.7,13.27,,INSUMOS PARA IMPRESORAS,CARTUCHOS HP ORIGINALES,HP,10.5
C4904AL,HP C4904AL #940 MAGENTA v,13.7,13.27,,INSUMOS PARA IMPRESORAS,CARTUCHOS HP ORIGINALES,HP,10.5
C9361WL,HP C9361WL #93 TRICOLOR 5 ML,35.08,33.98,,INSUMOS PARA IMPRESORAS,CARTUCHOS HP ORIGINALES,HP,10.5
CC643WL,HP CC643WL #60 TRICOLOR 3 ML (V),27.27,26.45,,INSUMOS PARA IMPRESORAS,CARTUCHOS HP ORIGINALES,HP,10.5
CD973AL,HP CD973AL #920XL MAGENTA v,15.7,15.2,,INSUMOS PARA IMPRESORAS,CARTUCHOS HP ORIGINALES,HP,10.5
CH562HL,HP CH562HL #122 TRICOLOR (V),16.08,15.59,,INSUMOS PARA IMPRESORAS,CARTUCHOS HP ORIGINALES,HP,10.5
CN691AL,HP CN691AL #675 TRICOLOR v,7.99,7.74,,INSUMOS PARA IMPRESORAS,CARTUCHOS HP ORIGINALES,HP,10.5
677H9UA-ABA,"HP VICTUS 15-FB0028NR RYZEN 7 5800H/16GB/SSD 512GB/15.6"" FHD 144Hz/RTX 3050 TI 4GB",2631.47,2552.55,2431.32 ,NOTEBOOK,NOTEBOOK,HP,10.5
JBLE35BLK,JBL AURICULAR E35 ON-EAR /DISEÑO PLEGABLE/ BLACK WIRED,74.34,72.1,,AUDIO,AURICULARES,JBL,21.0
JBLV310BTGML,JBL AURICULAR EVEREST 310 ON-EAR BLUETOOTH  - GUN METAL,265.33,257.35,,AUDIO,AURICULARES BLUETOOTH,JBL,21.0
JBLAWAREBLKI,JBL AURICULAR REFLECT AWARE NOISE CANCEL IN-EAR BLACK P/IPHONE,189.4,183.71,,AUDIO,AURICULARES,JBL,21.0
JBLAWAREBLUI,JBL AURICULAR REFLECT AWARE NOISE CANCEL IN-EAR BLUE P/IPHONE,189.4,183.71,,AUDIO,AURICULARES,JBL,21.0
JBLAWAREREDI,JBL AURICULAR REFLECT AWARE NOISE CANCEL IN-EAR RED P/IPHONE,189.4,183.71,,AUDIO,AURICULARES,JBL,21.0
JBLCHARGE5BLK,JBL PARLANTE CHARGE 5 BLUETOOTH BLACK,269.38,261.3,,AUDIO,PARLANTES PORTATILES BLUETOOTH,JBL,21.0
JBLCHARGE5BLU,JBL PARLANTE CHARGE 5 BLUETOOTH BLUE,269.38,261.3,,AUDIO,PARLANTES PORTATILES BLUETOOTH,JBL,21.0
JBLCHARGE5GRE,JBL PARLANTE CHARGE 5 BLUETOOTH GREY,269.38,261.3,,AUDIO,PARLANTES PORTATILES BLUETOOTH,JBL,21.0
JBLCLIP4BLUAM,JBL PARLANTE CLIP 4 BLUETOOTH WIRELESS BLUE,126.34,122.54,,AUDIO,PARLANTES PORTATILES BLUETOOTH,JBL,21.0
JBLFLIP6BLUE,JBL PARLANTE FLIP 6 BLUE,195.77,189.89,,AUDIO,PARLANTES PORTATILES BLUETOOTH,JBL,21.0
JBLFLIP6GRE,JBL PARLANTE FLIP 6 GREY,195.77,189.89,,AUDIO,PARLANTES PORTATILES BLUETOOTH,JBL,21.0
JBLFLIP6RED,JBL PARLANTE FLIP 6 RED,195.77,189.89,,AUDIO,PARLANTES PORTATILES BLUETOOTH,JBL,21.0
JBLGO3SQUADAM,JBL PARLANTE GO 3 BLUETOOTH WIRELESS SQUAD,84.0,81.48,,AUDIO,PARLANTES PORTATILES BLUETOOTH,JBL,21.0
KIT Q270 + CPU DC G4400,KIT ASROCK Q270 PRO BTC+ / CPU PENTIUM DC G4400,326.63,316.84,,HARDWARE,MOTHERBOARD,ASROCK,10.5
NM-LC401,LECTOR CODIGO DE BARRAS USB 1D NETMAK NM-LC401,45.87,44.5,,LECTOR DE CODIGO DE BARRAS,LECTORES DE CODIGO DE BARRAS 1D,OCOM,21.0
82LN00F8US,"LENOVO AMD RYZEN 7 5700U/8GB/512GB SSD/15.6"" FHD /W11",1720.18,1668.55,1361.36 ,NOTEBOOK,NOTEBOOK,LENOVO,10.5
82K100LUUS,"LENOVO GAMING I5-11300H/8GB/512GB SSD/15.6"" FHD/GTX 1650 4GB/W11 BLACK",1936.63,1878.5,1624.35 ,NOTEBOOK,NOTEBOOK,LENOVO,10.5
82KB015USP-B,"LENOVO V15 G2 I5-1135G7/8GB/512GB SSD/15.6"" FHD/ W11/ ESPAÑOL",1253.04,1215.5,,NOTEBOOK,NOTEBOOK,LENOVO,10.5
82KB00CBEU-B,"LENOVO V15 G2 I5-1135G7/8GB/512GB SSD/15.6"" FHD/FREEDOS",1231.27,1194.33,,NOTEBOOK,NOTEBOOK,LENOVO,10.5
82KB015MSP,"LENOVO V15 G2 I5-1135G7/8GB/512GB SSD/15.6"" FHD/FREEDOS/ ESPAÑOL",1234.89,1197.82,,NOTEBOOK,NOTEBOOK,LENOVO,10.5
82KB015WSP-B,"LENOVO V15 G2 I7-1165G7/8GB/512GB SSD/15.6"" FHD/ W11/ ESPAÑOL",1542.23,1495.97,,NOTEBOOK,NOTEBOOK,LENOVO,10.5
82KD00EPSP,"LENOVO V15 G2 RYZEN 5 5500U/8GB/256GB SSD/15.6"" FHD/W11/ESPAÑOL",1143.33,1109.01,,NOTEBOOK,NOTEBOOK,LENOVO,10.5
82TV006CSP,"LENOVO V15 G2 RYZEN 7 5825U/16GB/512GB SSD/15.6"" FHD/FREEDOS/ESPAÑOL",1464.66,1420.69,,NOTEBOOK,NOTEBOOK,LENOVO,10.5
82KB00YXUE,"LENOVO V15 I3-1115G4/4GB/256GB SSD /15.6"" FHD/FREEDOS (MALETIN)",900.03,872.95,,NOTEBOOK,NOTEBOOK,LENOVO,10.5
82K015NSP,"LENOVO V15 I3-1115G4/8GB/256GB SSD /15.6"" FHD/W11/ESPAÑOL",1013.87,983.45,,NOTEBOOK,NOTEBOOK,LENOVO,10.5
82TT001CUE,"LENOVO V15 I3-1215U/4GB/256GB SSD /15.6"" FHD/FREEDOS",1043.64,1012.35,,NOTEBOOK,NOTEBOOK,LENOVO,10.5
82KD00ENSP,"LENOVO V15 RYZEN 3 5300U/8GB/256GB SSD /15.6"" FHD/W11/ESPAÑOL",1070.79,1038.7,1018.53 ,NOTEBOOK,NOTEBOOK,LENOVO,10.5
SDCS2-128GB,MEMORIA MICROSD 128 GB CLASE 10 CANVAS SELECT PLUS KINGSTON,21.21,20.57,,MEMORIAS PORTATILES,TARJETAS DE MEMORIA,KINGSTON,21.0
SDCS2-32GB,MEMORIA MICROSD 32 GB CLASE 10 CANVAS SELECT PLUS KINGSTON C/ADAPTER ,9.39,9.11,,MEMORIAS PORTATILES,TARJETAS DE MEMORIA,KINGSTON,21.0
SDCS2-64GB,MEMORIA MICROSD 64 GB CLASE 10 CANVAS SELECT PLUS KINGSTON C/ADAPTER,12.49,12.11,,MEMORIAS PORTATILES,TARJETAS DE MEMORIA,KINGSTON,21.0
MW305R,MERCUSYS WI-FI ROUTER 300 MW305R /3 ANTENAS,35.67,34.6,,CONECTIVIDAD,ROUTER INALAMBRICO,MERCUSYS,10.5
MW325R,MERCUSYS WI-FI ROUTER 300 MW325R /4 ANTENAS,39.27,38.09,,CONECTIVIDAD,ROUTER INALAMBRICO,MERCUSYS,10.5
MW302R,MERCUSYS WI-FI ROUTER MULTI-MODE 300 MW302R /2 ANTENAS,30.82,29.89,,CONECTIVIDAD,ROUTER INALAMBRICO,MERCUSYS,10.5
C2-VS22,MINI TECLADO INALAMBRICO PARA TV BOX C2-VS22 E-VIEW,12.07,11.7,,TELEVISORES Y ACCESORIOS,CONVERTIDORES SMART,E-View,10.5
1060702,"MONITOR CRT 15"" OLIVETTI MOD:556CA OUTLET",44.45,43.12,,MONITORES,MONITORES,OLIVETTI,10.5
1951AXA,MONITOR LED 20 E-VIEW 1951AXA VGA/HDMI (1600x900),154.73,150.09,121.04 ,MONITORES,MONITORES,E-View,21.0
2151AXA,MONITOR LED 22 E-VIEW 2151AXA VGA/HDMI (1920x1080),179.16,173.78,143.99 ,MONITORES,MONITORES,E-View,21.0
271AXA,MONITOR LED 27 E-VIEW 271AXA VGA/HDMI (1920x1080),256.12,248.43,211.75 ,MONITORES,MONITORES,E-View,21.0
90-MXBLC0-A0UAYZ,MOTHER ASROCK B560M-HDV R3.0 1200 H/D/V ,172.02,166.86,,HARDWARE,MOTHERBOARD,MSI,10.5
90-MXBH40-A0UAYZ,MOTHER ASROCK B660M-HDV 1700 H/DP/V M.2,210.79,204.47,,HARDWARE,MOTHERBOARD,MSI,10.5
ASR-90-MXBHMO-AOUAYZ,MOTHER ASROCK Q270 PRO BTC+ MINING BOARD 1151,244.61,237.28,,HARDWARE,MOTHERBOARD,ASROCK,10.5
4712960685291,MOTHER BIOSTAR A320MH 2.0 AM4 H/V (KIT),114.21,110.79,,HARDWARE,MOTHERBOARD,GIGABYTE,10.5
1034014,MOTHER ECS NFORCE 570 SLIT-A LGA775,29.84,27.63,,HARDWARE,MOTHERBOARD,ECS,10.5
911-7C96-024/031,MOTHER MSI A520M-A PRO AM4 H/D M.2,146.9,142.49,,HARDWARE,MOTHERBOARD,MSI,10.5
911-7C95-038/056/048,MOTHER MSI B550M PRO-VDH WIFI AM4 H/DP/V M.2,267.3,259.29,,HARDWARE,MOTHERBOARD,MSI,10.5
911-7D22-074,MOTHER MSI B560M PRO-E H/V 1200 M.2,188.2,182.56,,HARDWARE,MOTHERBOARD,MSI,10.5
911-7D95-002,MOTHER MSI PRO B550M-P  AM4 H/D/V M.2 ,221.31,214.67,,HARDWARE,MOTHERBOARD,MSI,10.5
911-7D45-017,MOTHER MSI PRO B660M-G 1700 H/DP/V M.2,251.79,244.24,,HARDWARE,MOTHERBOARD,MSI,10.5
911-7D45-005/008,MOTHER MSI PRO B660M-G 1700 H/DP/V M.2,251.79,244.24,,HARDWARE,MOTHERBOARD,MSI,10.5
911-7D46-020/23/30/63,MOTHER MSI PRO H610M-G 1700 H/DP/V M.2,170.88,165.75,,HARDWARE,MOTHERBOARD,MSI,10.5
BB71362H16GXXDX11MH,"MSI KATANA I7-13620H/16GB/1TB SSD /15.6"" FHD/RTX 4050 6GB/W11",3467.71,3363.73,,NOTEBOOK,NOTEBOOK,MSI,10.5
NM-C95,NETMAK ADAPT. ACTIVO DVI-D 24+1 (M) A VGA (H) NM-C95,11.77,11.42,,CABLES Y ADAPTADORES,CABLES Y ADAPTADORES VARIOS,NETMAK,21.0
NM-BATTLE,NETMAK AURICULAR GAMER PS4 CAMUFLADO - 1 PLUG 3.5 BATTLE,13.72,13.33,,AUDIO,AURICULARES,NETMAK,21.0
NM-INFINITY,NETMAK AURICULAR NOTEBOOK/PS4 GAMER INFINITY,16.03,15.58,,AUDIO,AURICULARES,NETMAK,21.0
NM-SHADOW,NETMAK AURICULAR TERROR SOUND C/MIC,9.58,9.32,,AUDIO,AURICULARES,NETMAK,21.0
NM-VENGER,NETMAK AURICULAR VENGER GAMER LED LIGHTS,16.53,16.07,,AUDIO,AURICULARES,NETMAK,21.0
NM-C25 1.5,NETMAK CABLE AUDIO 3.5MM A 2 RCA 1.5M NM-C25 1.5,1.84,1.79,,CABLES Y ADAPTADORES,CABLES AUDIO,NETMAK,21.0
NM-C66B,NETMAK CABLE AUXILIAR 3.5MM A 3.5 MM REF. 1M AZUL NM-C66B,1.56,1.52,,CABLES Y ADAPTADORES,CABLES AUDIO,NETMAK,21.0
NM-C66,NETMAK CABLE AUXILIAR 3.5MM A 3.5 MM REF. 1M BLACK NM-C66,1.56,1.52,,CABLES Y ADAPTADORES,CABLES AUDIO,NETMAK,21.0
NM-C66G,NETMAK CABLE AUXILIAR 3.5MM A 3.5 MM REF. 1M GREEN NM-C66G,1.56,1.52,,CABLES Y ADAPTADORES,CABLES AUDIO,NETMAK,21.0
NM-C66R,NETMAK CABLE AUXILIAR 3.5MM A 3.5 MM REF. 1M RED NM-C66R,1.56,1.52,,CABLES Y ADAPTADORES,CABLES AUDIO,NETMAK,21.0
NM-C47,NETMAK CABLE HDMI M/M V1.4 1.5M NM-C47,4.57,4.44,,CABLES Y ADAPTADORES,CABLES HDMI,NETMAK,21.0
NM-C47 10,NETMAK CABLE HDMI M/M V1.4 10M NM-C47 10,17.4,16.92,,CABLES Y ADAPTADORES,CABLES HDMI,NETMAK,21.0
NM-C47 15,NETMAK CABLE HDMI M/M V1.4 15M NM-C47 15,24.15,23.47,,CABLES Y ADAPTADORES,CABLES HDMI,NETMAK,21.0
NM-C47 20,NETMAK CABLE HDMI M/M V1.4 20M NM-C47 20,36.74,35.71,,CABLES Y ADAPTADORES,CABLES HDMI,NETMAK,21.0
NM-C47 3,NETMAK CABLE HDMI M/M V1.4 3M NM-C47 3,5.98,5.81,,CABLES Y ADAPTADORES,CABLES HDMI,NETMAK,21.0
NM-C47 5,NETMAK CABLE HDMI M/M V1.4 5M NM-C47 5,9.12,8.87,,CABLES Y ADAPTADORES,CABLES HDMI,NETMAK,21.0
NM-C70,NETMAK CABLE USB A MICRO USB 1.5M NM-C70,2.5,2.44,,CABLES Y ADAPTADORES,CABLES Y ADAPTADORES VARIOS,NETMAK,21.0
NM-117B,"NETMAK CABLE USB A MICRO USB 2A 1,2M STRONG SERIES  AZUL NM-117B",4.07,3.94,,CABLES Y ADAPTADORES,CABLES USB,NETMAK,21.0
NM-117,"NETMAK CABLE USB A MICRO USB 2A 1,2M STRONG SERIES NEGRO NM-117",4.07,3.94,,CABLES Y ADAPTADORES,CABLES USB,NETMAK,21.0
NM-117S ,"NETMAK CABLE USB A MICRO USB 2A 1,2M STRONG SERIES PLATEADO NM-117S ",4.07,3.94,,CABLES Y ADAPTADORES,CABLES USB,NETMAK,21.0
NM-117R,"NETMAK CABLE USB A MICRO USB 2A 1,2M STRONG SERIES ROJO NM-117R",4.08,3.96,,CABLES Y ADAPTADORES,CABLES USB,NETMAK,21.0
NM-115,NETMAK CABLE USB A MICRO USB 2A 1M MAGIC SERIES NM-115,4.61,4.48,,CABLES Y ADAPTADORES,CABLES USB,NETMAK,21.0
NM-112,"NETMAK CABLE USB A TIPO C 2A 1,2M GAME CABLE NM-112",4.99,4.83,,CABLES Y ADAPTADORES,CABLES USB,NETMAK,21.0
NM-C99,NETMAK CABLE USB A USB TIPO C 3.1 1.5M NM-C99,3.67,3.57,,CABLES Y ADAPTADORES,CABLES USB,NETMAK,21.0
NM-C09 1.8,NETMAK CABLE USB ALARGUE 1.8M NM-C09 1.8,3.87,3.76,,CABLES Y ADAPTADORES,CABLES USB,NETMAK,21.0
NM-C03 1.8,NETMAK CABLE USB IMPRESORA A/B 1.8 NM-C03 1.8,2.32,2.25,,CABLES Y ADAPTADORES,CABLES USB,NETMAK,21.0
NM-UTP2,NETMAK CABLE UTP CAT5E EXTERIOR DOBLE VAINA 100M NM-UTP2,66.31,64.46,,CABLES Y ADAPTADORES,CABLES Y CONECTORES UTP - RED,NETMAK,21.0
NM-UTP,NETMAK CABLE UTP CAT5E INTERIOR 100M NM-UTP,44.33,43.1,,CABLES Y ADAPTADORES,CABLES Y CONECTORES UTP - RED,NETMAK,21.0
NM-C18,NETMAK CABLE VGA M/M 1.5M NM-C18,3.85,3.74,,CABLES Y ADAPTADORES,CABLES VGA,NETMAK,21.0
NM-C18 10,NETMAK CABLE VGA M/M 10M NM-C18 10,18.68,18.16,,CABLES Y ADAPTADORES,CABLES VGA,NETMAK,21.0
NM-C18 20,NETMAK CABLE VGA M/M 20M NM-C18 20,35.7,34.7,,CABLES Y ADAPTADORES,CABLES VGA,NETMAK,21.0
NM-C18 3,NETMAK CABLE VGA M/M 3M NM-C18 3,6.73,6.53,,CABLES Y ADAPTADORES,CABLES VGA,NETMAK,21.0
NM-C18 5,NETMAK CABLE VGA M/M 5M NM-C18 5,9.79,9.51,,CABLES Y ADAPTADORES,CABLES VGA,NETMAK,21.0
NM-PB4-W ,NETMAK CARGADOR PORTABLE 10000MAH MICRO/TIPOC BLANCO NM-PB4-W ,34.52,33.55,,PRODUCTOS NETMAK / NO USADO,PILAS Y CARGADORES,NETMAK,21.0
NM-PB3-W,NETMAK CARGADOR PORTABLE 5000MAH MICRO/TIPOC BLANCO NM-PB3-W,27.99,27.2,,PRODUCTOS NETMAK / NO USADO,PILAS Y CARGADORES,NETMAK,21.0
NM-PB3,NETMAK CARGADOR PORTABLE 5000MAH MICRO/TIPOC NEGRO NM-PB3,27.99,27.2,,PRODUCTOS NETMAK / NO USADO,PILAS Y CARGADORES,NETMAK,21.0
NM-CH4,NETMAK CARGADOR USB P/4 PILAS AA/AAA  NM-CH4,15.84,15.39,,UNIDADES DE ENERGIA,PILAS,NETMAK,21.0
NM-C102,NETMAK CONVERS. DISPLAYPORT A HDMI NM-C102,9.69,9.4,,CABLES Y ADAPTADORES,CONVERSORES,NETMAK,21.0
NM-C105,NETMAK CONVERS. DISPLAYPORT A VGA NM-C105,9.8,9.52,,CABLES Y ADAPTADORES,CONVERSORES,NETMAK,21.0
NM-C81A,NETMAK CONVERS. HDMI A VGA+3.5 AUDIO NM-C81A,13.72,13.35,,CABLES Y ADAPTADORES,CONVERSORES,NETMAK,21.0
NM-BUD,NETMAK EARBUDS BT + BASE DE CARGA / BLACK,27.62,26.86,,AUDIO,AURICULARES BLUETOOTH,NETMAK,21.0
NM-CARRY2,"NETMAK ENCLOSURE 2.5"" SATA USB 2.0 NM-CARRY2",14.12,13.7,,CABLES Y ADAPTADORES,VARIOS,NETMAK,10.5
NM-CARRY5,NETMAK ENCLOSURE SSD M.2 SATA USB 3.1 NM-CARRY5,33.07,32.09,,CABLES Y ADAPTADORES,VARIOS,NETMAK,10.5
NM-1284,NETMAK FUENTE NOTEBOOK AUTOMATICA 65W NM-1284,41.52,40.35,,NOTEBOOK,ACCESORIOS PARA NOTEBOOK,NETMAK,21.0
NM-1287,NETMAK FUENTE NOTEBOOK AUTOMATICA 90W NM-1287,49.21,47.83,,NOTEBOOK,ACCESORIOS PARA NOTEBOOK,NETMAK,21.0
NM-FN15,"NETMAK FUNDA NOTEBOOK NEOPRENNE 15.6"" NEGRO C/CIERRE  NM-FN15",19.78,19.24,,TABLETS,SOPORTES Y ACCESORIOS,NETMAK,21.0
NM-P310,NETMAK GAMEPAD PS3 BLUETOOTH BLACK NM-P310,29.77,28.93,,PERIFERICOS,JOYSTICK/GAMEPAD/VOLANTES,NETMAK,21.0
NM-P401,NETMAK GAMEPAD PS4 BLACK NM-P401,59.69,57.9,,PERIFERICOS,JOYSTICK/GAMEPAD/VOLANTES,NETMAK,21.0
NM-P401-R,NETMAK GAMEPAD PS4 RED NM-P401-R,59.69,57.9,,PERIFERICOS,JOYSTICK/GAMEPAD/VOLANTES,NETMAK,21.0
NM-TC40 ,NETMAK HUB TIPO C (M) A 3 PUERTOS USB 2.0 + RJ45 / NM-TC40 ,21.45,20.85,,CABLES Y ADAPTADORES,CABLES USB,NETMAK,21.0
NM-AC08,NETMAK HUB USB 2.0 4 PUERTO CON SWITCH NM-AC08,6.62,6.43,,CABLES Y ADAPTADORES,CABLES USB,NETMAK,10.5
NM-AC05,NETMAK HUB USB 2.0 SLIM NM-AC05,5.97,5.8,,CABLES Y ADAPTADORES,CABLES USB,NETMAK,10.5
NM-GR10CC,NETMAK JERINGA GRASA DISIP. TERM.X 10 CC NM-GR10CC,7.16,6.96,,CABLES Y ADAPTADORES,VARIOS,NETMAK,21.0
NM-LD4,NETMAK LUZ RECARGABLE DELANTERA PARA BICICLETA NM-LD4,11.45,11.12,,CABLES Y ADAPTADORES,VARIOS,NETMAK,21.0
NM-LD5,NETMAK LUZ RECARGABLE TRASERA PARA BICICLETA NM-LD4,10.49,10.2,,CABLES Y ADAPTADORES,VARIOS,NETMAK,21.0
NM-MC2,NETMAK MICROFONO PARA PC CON BASE /CONEXION 3.5MM NM-MC2,7.42,7.21,,AUDIO,MICROFONOS,NETMAK,21.0
NM-GLADIUS-2,NETMAK PAD MOUSE GAMER GRANDE NM-GLADIUS-2,14.5,14.07,,PERIFERICOS,PAD MOUSE,NETMAK,21.0
NM-NORDIC-2,NETMAK PAD MOUSE GAMER GRANDE NM-NORDIC-2,13.35,12.95,,PERIFERICOS,PAD MOUSE,NETMAK,21.0
NM-ARENA,NETMAK PAD MOUSE GAMER NM-ARENA,5.09,4.95,,PERIFERICOS,PAD MOUSE,NETMAK,21.0
NM-GLADIUS,NETMAK PAD MOUSE GAMER NM-GLADIUS,5.49,5.34,,PERIFERICOS,PAD MOUSE,NETMAK,21.0
NM-NORDIC,NETMAK PAD MOUSE GAMER NM-NORDIC,3.99,3.88,,PERIFERICOS,PAD MOUSE,NETMAK,21.0
NM-PGEL,NETMAK PAD MOUSE GEL BLACK NM-PGEL,9.14,8.88,,PERIFERICOS,PAD MOUSE,NETMAK,21.0
NM-PGEL-B,NETMAK PAD MOUSE GEL BLUE NM-PGEL-B,10.26,9.97,,PERIFERICOS,PAD MOUSE,NETMAK,21.0
NM-PGEL-R,NETMAK PAD MOUSE GEL RED NM-PGEL-R,12.2,9.97,,PERIFERICOS,PAD MOUSE,NETMAK,21.0
NM-24SIETE,NETMAK PARLANTE BLUETOOTH KARAOKE 6.5'' NM-24SIETE,49.01,47.64,,AUDIO,PARLANTES BLUETOOTH,NETMAK,21.0
NM-XTASYS,NETMAK PARLANTE BLUETOOTH KARAOKE 8'' C/MIC NM-XTASYS,64.38,62.58,,AUDIO,PARLANTES BLUETOOTH,NETMAK,21.0
NM-FLOW-S,NETMAK PARLANTE FLOW PORTABLE BLUETOOTH 10W  GREY NM-FLOW-S,35.27,34.22,,AUDIO,PARLANTES BLUETOOTH,NETMAK,21.0
NM-FLOW-R,NETMAK PARLANTE FLOW PORTABLE BLUETOOTH 10W  RED NM-FLOW-R,35.27,34.22,,AUDIO,PARLANTES BLUETOOTH,NETMAK,21.0
NM-FLOW,NETMAK PARLANTE FLOW PORTABLE BLUETOOTH 10W BLACK NM-FLOW,35.27,34.22,,AUDIO,PARLANTES BLUETOOTH,NETMAK,21.0
NM-FLOW-B,NETMAK PARLANTE FLOW PORTABLE BLUETOOTH 10W BLUE NM-FLOW-B,31.7,30.82,,AUDIO,PARLANTES BLUETOOTH,NETMAK,21.0
NM-9025B,NETMAK PARLANTE POTENCIADO USB 2.0 BLUE  NM-9025B,13.55,13.14,,AUDIO,PARLANTES,NETMAK,21.0
NM-9025R,NETMAK PARLANTE POTENCIADO USB 2.0 RED NM-9025R,13.55,13.14,,AUDIO,PARLANTES,NETMAK,21.0
NM-UP-N,NETMAK PARLANTE UP PORTABLE BLUETOOTH BLUE NM-UP-B,37.44,36.32,,AUDIO,PARLANTES BLUETOOTH,NETMAK,21.0
NM-UP-B,NETMAK PARLANTE UP PORTABLE BLUETOOTH GRIS NM-UP-B,37.44,36.32,,AUDIO,PARLANTES BLUETOOTH,NETMAK,21.0
NM-C04 1,NETMAK PATCH CORD 1 MTS NM-C04 1,1.36,1.32,,CABLES Y ADAPTADORES,CABLES Y CONECTORES UTP - RED,NETMAK,21.0
NM-C04 10,NETMAK PATCH CORD 10 MTS NM-C04 10,4.84,4.69,,CABLES Y ADAPTADORES,CABLES Y CONECTORES UTP - RED,NETMAK,21.0
NM-C04 15,NETMAK PATCH CORD 15 MTS NM-C04 15,7.07,6.86,,CABLES Y ADAPTADORES,CABLES Y CONECTORES UTP - RED,NETMAK,21.0
NM-C04 2,NETMAK PATCH CORD 2 MTS NM-C04 2,1.73,1.68,,CABLES Y ADAPTADORES,CABLES Y CONECTORES UTP - RED,NETMAK,21.0
NM-C04 20,NETMAK PATCH CORD 20 MTS NM-C04 20,9.29,9.01,,CABLES Y ADAPTADORES,CABLES Y CONECTORES UTP - RED,NETMAK,21.0
NM-C04 3,NETMAK PATCH CORD 3 MTS NM-C04 3,2.34,2.26,,CABLES Y ADAPTADORES,CABLES Y CONECTORES UTP - RED,NETMAK,21.0
NM-C04 5,NETMAK PATCH CORD 5 MTS NM-C04 5,3.01,2.92,,CABLES Y ADAPTADORES,CABLES Y CONECTORES UTP - RED,NETMAK,21.0
NM-CR2032,NETMAK PILA CR2032 3V BLISTER X5 NM-CR2032,3.48,3.39,,UNIDADES DE ENERGIA,PILAS,NETMAK,21.0
NM-AA270,NETMAK PILAS RECARGABLES AA 2700 (X2),10.82,10.5,,UNIDADES DE ENERGIA,PILAS,NETMAK,21.0
NM-AAA110,NETMAK PILAS RECARGABLES AAA 1100 (X2),6.61,6.41,,UNIDADES DE ENERGIA,PILAS,NETMAK,21.0
NM-ST18,"NETMAK SOPORTE  DOBLE MONITOR 10""-32"" DOS BRAZOS ARTICULADOS NM-ST18",81.75,79.46,,TELEVISORES Y ACCESORIOS,SOPORTES,NETMAK,21.0
NM-ST03,"NETMAK SOPORTE  TV/MONI 23""- 42"" FIJO NM-ST03",10.58,10.29,,TELEVISORES Y ACCESORIOS,SOPORTES,NETMAK,21.0
NM-ST16,"NETMAK SOPORTE  TV/MONI 23""-60"" BRAZO ARTICULADO C/INCLINACION NM-ST16",37.7,36.65,,TELEVISORES Y ACCESORIOS,SOPORTES,NETMAK,21.0
NM-ST13,"NETMAK SOPORTE  TV/MONI 23""-75"" DOS BRAZOS ARTICULADOS C/INCLINACION NM-ST13",72.79,70.76,,TELEVISORES Y ACCESORIOS,SOPORTES,NETMAK,21.0
NM-ST09,"NETMAK SOPORTE  TV/MONI 32""-55""C/INCLINACION NM-ST09",18.76,18.23,,TELEVISORES Y ACCESORIOS,SOPORTES,NETMAK,21.0
NM-ZAKRO,NETMAK TECLADO GAMER RETROILUMINADO USB NM-ZAKRO,9.7,9.44,,PERIFERICOS,TECLADOS GAMER,NETMAK,10.5
DT70/128GB,PEN DRIVE 128 GB KINGSTON 3.2 DT70 (TIPO C),19.66,19.08,,MEMORIAS PORTATILES,PEN DRIVE,KINGSTON,21.0
DTX/128GB,PEN DRIVE 128 GB KINGSTON 3.2 DTX/128GB,25.03,24.28,,MEMORIAS PORTATILES,PEN DRIVE,KINGSTON,21.0
DTX/32GB,PEN DRIVE 32 GB KINGSTON 3.2 DTX/32GB,10.5,10.19,,MEMORIAS PORTATILES,PEN DRIVE,KINGSTON,21.0
DT70/64GB,PEN DRIVE 64 GB KINGSTON 3.2 DT70 (TIPO C),10.59,10.26,,MEMORIAS PORTATILES,PEN DRIVE,KINGSTON,21.0
DTX/64GB,PEN DRIVE 64 GB KINGSTON 3.2 DTX/64GB,14.97,14.52,,MEMORIAS PORTATILES,PEN DRIVE,KINGSTON,21.0
DTXM/64GB,PEN DRIVE 64 GB KINGSTON 3.2 DTXM/64GB,14.97,14.52,,MEMORIAS PORTATILES,PEN DRIVE,KINGSTON,21.0
AFRX580-8192D5H7-V2,PLACA AFOX RADEON RX580  8GB 2048SP GDDR5 /BULK,284.8,276.25,,HARDWARE,PLACAS DE VIDEO,AFOX,10.5
90-GA31ZZ-00UANH,PLACA ASROCK RADEON RX6700XT CHALLENGER D 12GB OC GDDR6,824.02,799.3,761.23 ,HARDWARE,PLACAS DE VIDEO,MSI,10.5
GV-N308TGAMING OC-12GD,PLACA GIGABYTE GEFORCE RTX 3080 TI GAMING OC 12G,1495.3,1450.31,,HARDWARE,PLACAS DE VIDEO,GIGABYTE,10.5
912-V809-3860,PLACA MSI GEFORCE GT730 2GB DDR3  ,155.29,150.62,,HARDWARE,PLACAS DE VIDEO,PNY,10.5
912-V809-4205,PLACA MSI GEFORCE GTX 1630 AERO ITX 4GB OC,430.62,417.69,397.80 ,HARDWARE,PLACAS DE VIDEO,MSI,10.5
912-V809-4204,PLACA MSI GEFORCE GTX 1630 VENTUS XS 4GB GDDR6,511.52,497.25,,HARDWARE,PLACAS DE VIDEO,MSI,10.5
912-V809-3616,PLACA MSI GEFORCE GTX 1650 VENTUS XS 4GB OC,558.2,541.45,519.35 ,HARDWARE,PLACAS DE VIDEO,MSI,10.5
912-V809-3060,PLACA MSI GEFORCE GTX 1650 VENTUS XS 4GB OC,558.19,541.45,519.35 ,HARDWARE,PLACAS DE VIDEO,MSI,10.5
912-V375-279,PLACA MSI GEFORCE GTX 1660 SUPER VENTUS XS OC 6GB GDDR6 ,679.98,659.6,552.50 ,HARDWARE,PLACAS DE VIDEO,MSI,10.5
912-V397-423,PLACA MSI GEFORCE RTX 3050 GAMING X DDR6 8GB,741.55,719.36,685.10 ,HARDWARE,PLACAS DE VIDEO,MSI,10.5
912-V377-664,PLACA MSI GEFORCE RTX 3060 VENTUS 2X OC 12GB GDDR6,861.8,835.93,795.61 ,HARDWARE,PLACAS DE VIDEO,MSI,10.5
912-V505-009,PLACA MSI GEFORCE RTX 3070 TI GAMING  X TRIO 8GB DDR6,1381.0,1339.6,1116.33 ,HARDWARE,PLACAS DE VIDEO,MSI,10.5
912-V505-007,PLACA MSI GEFORCE RTX 3070 TI VENTUS 3X OC 8G DDR6,1273.83,1235.67,1014.84 ,HARDWARE,PLACAS DE VIDEO,MSI,10.5
912-V809-4065,PLACA MSI GT 1030 2GB LP OC DDR4,215.29,208.85,198.90 ,HARDWARE,PLACAS DE VIDEO,MSI,10.5
912-V809-2024,PLACA MSI GT 710 2GB DDR3 2GD3 LP,127.21,123.38,,HARDWARE,PLACAS DE VIDEO,MSI,10.5
912-V388-011,PLACA MSI RTX 3090 GAMING X TRIO 24G DDR6,2033.41,1972.43,,HARDWARE,PLACAS DE VIDEO,MSI,10.5
VCG7302D3SFPPB,PLACA PNY GEFORCE GT730 2GB DDR3,142.39,138.13,,HARDWARE,PLACAS DE VIDEO,PNY,10.5
VCG16504D6DFPPB1,PLACA PNY GEFORCE GTX 1650 DDR6 DUAL FAN,411.91,399.57,,HARDWARE,PLACAS DE VIDEO,PNY,10.5
VCG3050DFXPPB1,PLACA PNY GEFORCE RTX 3050 8GB DUAL FAN,694.64,673.77,,HARDWARE,PLACAS DE VIDEO,PNY,10.5
VCG3061T8LDFBPB1,PLACA PNY GEFORCE RTX 3060 TI 8GB DDR6 DUAL FAN,884.99,858.41,830.12 ,HARDWARE,PLACAS DE VIDEO,PNY,10.5
GA102-100 - CMP90HXN4KAGZFKTM,PLACA PNY NVIDIA CMP 90HX 10GB GDDR6 BULK (NO DISPLAY),1310.65,1271.25,,HARDWARE,PLACAS DE VIDEO,PNY,10.5
ZT-71115-20L,PLACA ZOTAC GEFORCE GT 730 4GB DDR3,191.19,185.45,,HARDWARE,PLACAS DE VIDEO,ZOTAC,10.5
1120202,ROUTER 4-PORT ADVANTEC ABR-241,35.58,35.23,,PRODUCTOS EN OUTLET,PRODUCTOS DE CONECTIVIDAD,ADVANTEK,10.5
1041115,SBNT CABLE FIREWIRE 6 FEET SBT-CF64,0.32,0.32,,CABLES Y ADAPTADORES,CABLES AUDIO,SABRENT,10.5
82KB015SSP,"SIST LEN I3-1115G4/8GB/256GB SSD/15.6"" FHD/FREEDOS/ESPAÑOL",1004.73,974.61,920.47 ,NOTEBOOK,NOTEBOOK,LENOVO,10.5
449110001,SOPORTE VESA BRACKET GAB.2012-MONIT,10.27,10.02,,PRODUCTOS EN OUTLET,OUTLET,GENERAL,10.5
ZA870052US,"TABLET LENOVO TAB M8 8""/3GB/32GB/ANDROID 11/BLACK /SIN FUENTE",188.56,182.91,174.20 ,TABLETS,TABLETS LENOVO,LENOVO,10.5
LD210A,TECLADO INALAMBRICO E-VIEW  BLACK LD210A,9.18,8.91,,PERIFERICOS,TECLADOS,E-View,10.5
TN1060,TONER ALTERNATIVO BROTHER TN1060 E-VIEW,11.25,10.93,,INSUMOS PARA IMPRESORAS,TONER BROTHER ALTERNATIVOS,E-View,21.0
W1105A,TONER ALTERNATIVO HP 105A (W1105A) E-VIEW CON/CHIP,56.81,55.1,,INSUMOS PARA IMPRESORAS,TONER HP ALTERNATIVOS,E-View,21.0
CB435/436/285/278,TONER ALTERNATIVO HP CB435/CB436/CE285/CF278 E-VIEW,19.02,18.45,,INSUMOS PARA IMPRESORAS,TONER HP ALTERNATIVOS,E-View,21.0
CE311A/CF351A,TONER ALTERNATIVO HP CE311A/CF351A CYAN E-VIEW,14.05,13.62,,INSUMOS PARA IMPRESORAS,TONER HP ALTERNATIVOS,E-View,21.0
CE311A_GTC,TONER ALTERNATIVO HP CE311A/CF351A CYAN GTC,17.15,16.64,,INSUMOS PARA IMPRESORAS,TONER HP ALTERNATIVOS,GTC,21.0
CE312A/CF352A,TONER ALTERNATIVO HP CE312A/CF352A AMARILLO E-VIEW,14.05,13.62,,INSUMOS PARA IMPRESORAS,TONER HP ALTERNATIVOS,E-View,21.0
CE312A_GTC,TONER ALTERNATIVO HP CE312A/CF352A AMARILLO GTC,17.15,16.64,,INSUMOS PARA IMPRESORAS,TONER HP ALTERNATIVOS,GTC,21.0
CE313A/CF353A,TONER ALTERNATIVO HP CE313A/CF353A MAGENTA E-VIEW,14.05,13.62,,INSUMOS PARA IMPRESORAS,TONER HP ALTERNATIVOS,E-View,21.0
CE313A_GTC,TONER ALTERNATIVO HP CE313A/CF353A MAGENTA GTC,17.16,16.64,,INSUMOS PARA IMPRESORAS,TONER HP ALTERNATIVOS,GTC,21.0
CF248A,TONER ALTERNATIVO HP CF248A C/CHIP E-VIEW,20.24,19.64,,INSUMOS PARA IMPRESORAS,TONER HP ALTERNATIVOS,E-View,21.0
CF380A_GTC,TONER ALTERNATIVO HP CF380A GTC,18.77,18.21,,INSUMOS PARA IMPRESORAS,TONER HP ALTERNATIVOS,GTC,21.0
ALTQ1338A,TONER ALTERNATIVO HP Q1338A,19.31,18.73,,INSUMOS PARA IMPRESORAS,TONER HP ALTERNATIVOS,CP,21.0
Q6002A_GTC,TONER ALTERNATIVO HP Q6002A GTC,24.31,23.58,,INSUMOS PARA IMPRESORAS,TONER HP ALTERNATIVOS,GTC,21.0
Q6003A_GTC,TONER ALTERNATIVO HP Q6003A GTC,24.31,23.58,,INSUMOS PARA IMPRESORAS,TONER HP ALTERNATIVOS,GTC,21.0
MLT-D104S EW,TONER ALTERNATIVO SAMSUNG MLT-D104S E-VIEW,23.34,22.64,,INSUMOS PARA IMPRESORAS,TONER SAMSUNG ALTERNATIVOS,E-View,21.0
5004200,TONER HP C3903A BLACK TONER FOR 5P,97.18,94.26,,INSUMOS PARA IMPRESORAS,TONER HP ORIGINALES,HP,21.0
C4127X,TONER HP C4092A FOR LJ 1100,128.08,124.23,,INSUMOS PARA IMPRESORAS,TONER HP ORIGINALES,HP,21.0
C4096A,TONER HP C4096A FOR LJ 2100/2200,90.58,87.86,,INSUMOS PARA IMPRESORAS,TONER HP ORIGINALES,HP,21.0
CB436A,TONER HP CB436A LASERJET,55.43,53.76,,INSUMOS PARA IMPRESORAS,TONER HP ORIGINALES,HP,21.0
Q2624A,TONER HP Q2624A FOR LJ 1150 SERIES,103.18,100.08,,INSUMOS PARA IMPRESORAS,TONER HP ORIGINALES,HP,21.0
Q6001A,TONER HP Q6001A CYAN LJ2600N SERIES,75.04,72.79,,INSUMOS PARA IMPRESORAS,TONER HP ORIGINALES,HP,21.0
Q6002A,TONER HP Q6002A YELLOW LJ2600N SERIE,75.04,72.79,,INSUMOS PARA IMPRESORAS,TONER HP ORIGINALES,HP,21.0
Q6003A,TONER HP Q6003A MAGENTA LJ2600N SERIE,75.04,72.79,,INSUMOS PARA IMPRESORAS,TONER HP ORIGINALES,HP,21.0
CLT-C409S,TONER SAMSUNG CLT-C409S CYAN,52.86,51.28,,INSUMOS PARA IMPRESORAS,TONER SAMSUNG ALTERNATIVOS,SAMSUNG,21.0
CLT-M407S,TONER SAMSUNG CLT-M407S MAGENTA,52.55,50.97,,INSUMOS PARA IMPRESORAS,TONER SAMSUNG ALTERNATIVOS,SAMSUNG,21.0
CLT-M409S,TONER SAMSUNG CLT-M409S MAGENTA,47.83,46.39,,INSUMOS PARA IMPRESORAS,TONER SAMSUNG ALTERNATIVOS,SAMSUNG,21.0
SCX-D4725A/XAA,TONER SAMSUNG SCX-D4725A/XAA,90.39,87.68,,INSUMOS PARA IMPRESORAS,TONER SAMSUNG ALTERNATIVOS,SAMSUNG,21.0
UE200,TP-LINK ADAPTADOR DE RED USB 2.0 A ETHERNET UE200 ,28.17,27.33,,CONECTIVIDAD,RED NETWORK,TP-LINK,10.5
UE306,TP-LINK ADAPTADOR DE RED USB 3.0 A ETHERNET RJ45 UE306,39.37,38.2,,CONECTIVIDAD,RED NETWORK,TP-LINK,21.0
TL-DECOX50-2,TP-LINK DECO X50 MESH WIFI AX3000 (PACK 2),645.28,625.93,,CONECTIVIDAD,ACCESS POINT,TP-LINK,10.5
TL-ARCHERT3U,TP-LINK P.RED WIRELESS AC1300 USB 3.0,42.94,41.65,,CONECTIVIDAD,ROUTER INALAMBRICO,TP-LINK,10.5
TG-3468,TP-LINK PLACA RED GIGA PCIE TG-3468,34.56,33.53,,CONECTIVIDAD,RED NETWORK,TP-LINK,10.5
ARCHER T2U Nano,TP-LINK PLACA RED USB ARCHER AC600 NANO T2U,45.4,44.03,,CONECTIVIDAD,ADAPTADORES USB INALAMBRICOS,TP-LINK,10.5
ARCHER T2U,TP-LINK PLACA RED USB ARCHER AC600 T2U,51.61,50.07,,CONECTIVIDAD,ADAPTADORES USB INALAMBRICOS,TP-LINK,10.5
TL-SF1005D,TP-LINK SWITCH 5-P 10/100 TL-SF1005D,27.86,27.02,,CONECTIVIDAD,RED NETWORK,TP-LINK,10.5
TL-SG1005D,TP-LINK SWITCH 5P GIGABIT DESK TL-SG1005D,50.26,48.75,,CONECTIVIDAD,RED NETWORK,TP-LINK,10.5
TL-SF1008D,TP-LINK SWITCH 8-P 10/100 TL-SF1008D,36.4,35.3,,CONECTIVIDAD,RED NETWORK,TP-LINK,10.5
TL-SG108,TP-LINK SWITCH 8-P GIGABIT TL-SG108,78.0,75.66,,CONECTIVIDAD,RED NETWORK,TP-LINK,10.5
TP-RE200,TP-LINK WIFI EXTENDER 2.4 Y 5GHZ TP-RE200,68.66,66.61,,CONECTIVIDAD,ACCESS POINT,TP-LINK,10.5
TL-WA850RE,TP-LINK WIFI EXTENDER 300 TL-WA850RE,60.89,59.06,,CONECTIVIDAD,ACCESS POINT,TP-LINK,10.5
CPE210,TP-LINK WIFI OUTDOOR CPE210 300MBPS 9DBI,154.85,150.21,,CONECTIVIDAD,ACCESS POINT,TP-LINK,10.5
TL-WN781ND,TP-LINK WIFI PCIE 150 N TL-WN781ND,36.31,35.23,,CONECTIVIDAD,PLACAS PCI INALAMBRICAS,TP-LINK,10.5
TL-WN881ND,TP-LINK WIFI PCIE 300 N TL-WN881ND,46.12,44.74,,CONECTIVIDAD,PLACAS PCI INALAMBRICAS,TP-LINK,10.5
TL-WR820N,TP-LINK WIFI ROUTER 300 N TL-WR820N,49.43,47.95,,CONECTIVIDAD,ROUTER INALAMBRICO,TP-LINK,10.5
TL-WR841HP,TP-LINK WIFI ROUTER 300 N TL-WR841HP,111.49,108.16,,CONECTIVIDAD,ROUTER INALAMBRICO,TP-LINK,10.5
TL-WR940N,TP-LINK WIFI ROUTER 450 N TL-WR940N,60.09,58.29,,CONECTIVIDAD,ROUTER INALAMBRICO,TP-LINK,10.5
TL-WN722N,TP-LINK WIFI USB 150 N 1-ANT TL-WN722N,31.26,30.32,,CONECTIVIDAD,ADAPTADORES USB INALAMBRICOS,TP-LINK,10.5
TL-WN822N,TP-LINK WIFI USB 300 N 2-ANT TL-WN822N,37.91,36.77,,CONECTIVIDAD,ADAPTADORES USB INALAMBRICOS,TP-LINK,10.5
TL-WN821N,TP-LINK WIFI USB 300 N WN821N,31.85,30.9,,CONECTIVIDAD,ADAPTADORES USB INALAMBRICOS,TP-LINK,10.5
TL-WN823N,TP-LINK WIFI USB MINI 300 N WN823N,33.01,32.01,,CONECTIVIDAD,ADAPTADORES USB INALAMBRICOS,TP-LINK,10.5
TL-WN725N,TP-LINK WIFI USB NANO 150 N TL-WN725N,25.83,25.06,,CONECTIVIDAD,ADAPTADORES USB INALAMBRICOS,TP-LINK,10.5
CTB-1200AP DISPLAY,UPS LYONN CTB-1200AP (DISPLAY),170.21,165.11,,UNIDADES DE ENERGIA,UPS,LYONN,10.5
CTB-800AP,UPS LYONN CTB-800AP (LED),79.75,77.35,,UNIDADES DE ENERGIA,UPS,LYONN,10.5
CTB-800KS,UPS LYONN CTB-800KS (LED),79.75,77.35,,UNIDADES DE ENERGIA,UPS,LYONN,10.5
WEB1080P/WEB,WEBCAM 1080P HD/USB/ MICROFONO / E-VIEW,17.22,16.7,,PERIFERICOS,CAMARAS WEB,E VIEW,21.0
