ID,DETALLE,CODIGO ALFA,CODIGO PRODUCTO,CATEGORIA,SUBCATEGORIA,MARCA,PRECIO,IVA,IMP. INTERNO,MARKUP,PRECIO PUBLICO,COTIZACION,PRECIO PUBLICO ARS,URI,FECHA HORA
949,Resma A4 70gr 500 hojas.,HUS7812,7812,Papeleria,Resmas,HUSARES,3.94,21.0,0.0,10,4.33,365.5,1582.62,https://elit.com.ar/producto/949-resma-a4-70gr-500-hojas,8/18/2023 3:47:36 PM 
3471,Cartucho de Tinta EPSON 133 Amarillo,EPST133420-AL,T133420-AL,Insumos,Cartuchos de Tinta,EPSON,15.97,10.5,0.0,10,17.57,365.5,6421.84,https://elit.com.ar/producto/3471-cartucho-de-tinta-epson-133-amarillo,8/18/2023 3:47:36 PM 
3882,Botella de Tinta EPSON 664 Cian,EPST664220-AL,T664220-AL,Insumos,Botellas de Tinta,EPSON,22.14,21.0,0.0,10,24.35,365.5,8899.93,https://elit.com.ar/producto/3882-botella-de-tinta-epson-664-cian,8/18/2023 3:47:36 PM 
4000,Parlante Z120 Stereo,LOGPARZ120WH,980-000573,Audio,Parlantes,LOGITECH,43.64,21.0,0.0,10,48.0,365.5,17544.0,https://elit.com.ar/producto/4000-parlante-z120-stereo,8/18/2023 3:47:36 PM 
4521,Disco Externo HDD WESTERN DIGITAL Elements 1TB USB 3.0 Tipo A Negro,WD-HD1TBU3ELEN,WDBUZG0010BBK-WESN,Almacenamiento,Discos Externos,WD,127.1,10.5,0.0,10,139.81,365.5,51100.56,https://elit.com.ar/producto/4521-disco-externo-hdd-western-digital-elements-1tb-usb-3-0-tipo-a-negro,8/18/2023 3:47:36 PM 
4631,Funda p/Tablet BAGS FN10TBT-FRO Field Rose Estampado,BAGFUNFSN1415NA,FN10TBT-FRO,Estuches,Fundas,BAGS,9.74,21.0,0.0,10,10.71,365.5,3914.51,https://elit.com.ar/producto/4631-funda-p-tablet-bags-fn10tbt-fro-field-rose-estampado,8/18/2023 3:47:36 PM 
4634,Funda p/Tablet BAGS FN7TBT-NSV Newspaper Estampado,BAGFUNFSNHDN,FN7TBT-NSV,Estuches,Fundas,BAGS,5.93,21.0,0.0,10,6.52,365.5,2383.06,https://elit.com.ar/producto/4634-funda-p-tablet-bags-fn7tbt-nsv-newspaper-estampado,8/18/2023 3:47:36 PM 
4635,Funda p/Tablet BAGS FSN7TBT-N Negro,BAGFUNFSN7TBTN,FSN7TBT-N,Estuches,Fundas,BAGS,6.55,21.0,0.0,10,7.21,365.5,2635.26,https://elit.com.ar/producto/4635-funda-p-tablet-bags-fsn7tbt-n-negro,8/18/2023 3:47:36 PM 
4685,Cinta de tinta S015631 Negra para LX-350,EPSCINS015631,S015631,Insumos,Cintas,EPSON,6.36,21.0,0.0,10,7.0,365.5,2558.5,https://elit.com.ar/producto/4685-cinta-de-tinta-s015631-negra-para-lx-350,8/18/2023 3:47:36 PM 
5542,Funda p/Tablet BAGS Leopard Estampado,BAGFUNFN7TB-L,FN7TB-L,Estuches,Fundas,BAGS,5.93,21.0,0.0,10,6.52,365.5,2383.06,https://elit.com.ar/producto/5542-funda-p-tablet-bags-leopard-estampado,8/18/2023 3:47:36 PM 
5895,"Disco Interno HDD WESTERN DIGITAL Purple 1TB 3.5"" SATA 3.0 5400rpm",WD-HDWD10PURX,WD10PURZ,Almacenamiento,Discos Internos,WD,98.75,10.5,0.0,10,108.63,365.5,39704.27,https://elit.com.ar/producto/5895-disco-interno-hdd-western-digital-purple-1tb-3-5-sata-3-0-5400rpm,8/18/2023 3:47:36 PM 
5971,Cartucho de Tinta EPSON 296 Amarillo,EPST296420-AL,T296420-AL,Insumos,Cartuchos de Tinta,EPSON,19.27,10.5,0.0,10,21.2,365.5,7748.6,https://elit.com.ar/producto/5971-cartucho-de-tinta-epson-296-amarillo,8/18/2023 3:47:36 PM 
6283,Gabinete M-ATX KIT T M C/ Fuente 500W sin parlante,SOLGABCM-5832,CM-5832,Hardware,Gabinetes,SOLARMAX,83.54,10.5,0.0,10,91.89,365.5,33585.8,https://elit.com.ar/producto/6283-gabinete-m-atx-kit-t-m-c-fuente-500w-sin-parlante,8/18/2023 3:47:36 PM 
6305,Mouse Inalámbrico LOGITECH M170 Plateado,LOGMOU910004425,910-005334,Perifericos,Mouses,LOGITECH,18.8,10.5,0.0,10,20.68,365.5,7558.54,https://elit.com.ar/producto/6305-mouse-inalambrico-logitech-m170-plateado,8/18/2023 3:47:36 PM 
6306,Mouse Inalámbrico LOGITECH M170 Azul,LOGMOU910004638,910-004800,Perifericos,Mouses,LOGITECH,18.57,10.5,0.0,10,20.43,365.5,7467.17,https://elit.com.ar/producto/6306-mouse-inalambrico-logitech-m170-azul,8/18/2023 3:47:36 PM 
6307,Mouse Inalámbrico LOGITECH M170 Rojo,LOGMOU910004639,910-004941,Perifericos,Mouses,LOGITECH,18.57,10.5,0.0,10,20.43,365.5,7467.17,https://elit.com.ar/producto/6307-mouse-inalambrico-logitech-m170-rojo,8/18/2023 3:47:36 PM 
6309,Teclado Inalámbrico LOGITECH MK235 Negro,LOGTYM920007901,920-007901,Perifericos,Teclados,LOGITECH,46.12,10.5,0.0,10,50.73,365.5,18541.81,https://elit.com.ar/producto/6309-teclado-inalambrico-logitech-mk235-negro,8/18/2023 3:47:36 PM 
6310,Parlantes S150 Black,LOGPAR98000100,980-001004,Audio,Parlantes,LOGITECH,41.32,21.0,0.0,10,45.45,365.5,16611.98,https://elit.com.ar/producto/6310-parlantes-s150-black,8/18/2023 3:47:36 PM 
6456,Mouse Inalámbrico M280 Negro,LOGMO910-004284,910-004284,Perifericos,Mouses,LOGITECH,29.55,10.5,0.0,10,32.51,365.5,11882.41,https://elit.com.ar/producto/6456-mouse-inalambrico-m280-negro,8/18/2023 3:47:36 PM 
6477,Auricular LOGITECH H390 Negro,LOGMI981-000014,981-000014,Audio,Auriculares,LOGITECH,91.38,21.0,0.0,10,100.52,365.5,36740.06,https://elit.com.ar/producto/6477-auricular-logitech-h390-negro,8/18/2023 3:47:36 PM 
6591,Cámara Web LOGITECH C270,LOGWEBC270,960-000694,Perifericos,Camaras Web,LOGITECH,48.55,21.0,0.0,10,53.41,365.5,19521.36,https://elit.com.ar/producto/6591-camara-web-logitech-c270,8/18/2023 3:47:36 PM 
7014,Funda p/Tablet BAGS Invader Colours Estampado,BAGFUNFN7TBTINC,FN7TBT-INC,Estuches,Fundas,BAGS,7.01,21.0,0.0,10,7.71,365.5,2818.01,https://elit.com.ar/producto/7014-funda-p-tablet-bags-invader-colours-estampado,8/18/2023 3:47:36 PM 
7180,Cable auxiliar para audio 1mts diam 3.5 mm,XTECABXTG-212,XTG-212,Cables,Cables,XTECH,1.88,21.0,0.0,10,2.07,365.5,756.58,https://elit.com.ar/producto/7180-cable-auxiliar-para-audio-1mts-diam-3-5-mm,8/18/2023 3:47:36 PM 
7186,"Disco Interno SSD KINGSTON A400 240GB 2.5"" SATA 3.0  500MB/s",KINSSDSA400S240,SA400S37/240G,Almacenamiento,Discos Internos SSD,KINGSTON,45.64,10.5,0.0,10,50.2,365.5,18348.1,https://elit.com.ar/producto/7186-disco-interno-ssd-kingston-a400-240gb-2-5-sata-3-0-500mb-s,8/18/2023 3:47:36 PM 
7187,"Disco Interno SSD KINGSTON A400 480GB 2.5"" SATA 3.0  500MB/s",KINSSDSA400S480,SA400S37/480G,Almacenamiento,Discos Internos SSD,KINGSTON,64.67,10.5,0.0,10,71.14,365.5,26001.67,https://elit.com.ar/producto/7187-disco-interno-ssd-kingston-a400-480gb-2-5-sata-3-0-500mb-s,8/18/2023 3:47:36 PM 
7350,Router Nyx1200-AC NEXXT Wireless-AC 1200 Mbps 3 Puertos,NEXROUARL02902A,ARL02902A1,Networking,Routers,NEXXT,30.77,10.5,0.0,10,33.85,365.5,12372.18,https://elit.com.ar/producto/7350-router-nyx1200-ac-nexxt-wireless-ac-1200-mbps-3-puertos,8/18/2023 3:47:36 PM 
7708,Fuente CROMAX KC-DDA-600 600W Standart ATX Fijo,CROFUEDAA600,KC-DAA-600,Hardware,Fuentes,CROMAX,49.06,21.0,0.0,10,53.97,365.5,19726.04,https://elit.com.ar/producto/7708-fuente-cromax-kc-dda-600-600w-standart-atx-fijo,8/18/2023 3:47:36 PM 
7788,Air Cooler COOLER MASTER MasterAir MA410P RGB,CM-COOMA410P,MAP-T4PN-220PC-R1,Hardware,Coolers,COOLER MASTER,99.55,21.0,0.0,10,109.51,365.5,40025.91,https://elit.com.ar/producto/7788-air-cooler-cooler-master-master-air-ma410p-rgb,8/18/2023 3:47:36 PM 
7789,Air Cooler COOLER MASTER MasterAir MA410M ARGB,CM-COOMA410M,MAM-T4PN-218PC-R1,Hardware,Coolers,COOLER MASTER,158.66,21.0,0.0,10,174.53,365.5,63790.72,https://elit.com.ar/producto/7789-air-cooler-cooler-master-master-air-ma410m-argb,8/18/2023 3:47:36 PM 
7831,Mouse c/Cable LOGITECH G502 HERO Negro,LOGMOUG502HERO,910-005550,Perifericos,Mouses,LOGITECH,91.81,10.5,0.0,10,100.99,365.5,36911.85,https://elit.com.ar/producto/7831-mouse-c-cable-logitech-g502-hero-negro,8/18/2023 3:47:36 PM 
7989,Mouse Inalámbrico LOGITECH G305 Negro,LOGMOU910005281,910-005281,Perifericos,Mouses,LOGITECH,76.43,10.5,0.0,10,84.07,365.5,30727.59,https://elit.com.ar/producto/7989-mouse-inalambrico-logitech-g305-negro,8/18/2023 3:47:36 PM 
8041,Mouse c/cable XTECH XTM-710 Negro,XTEMOUXTM-710,XTM-710,Perifericos,Mouses,XTECH,15.13,10.5,0.0,10,16.64,365.5,6081.92,https://elit.com.ar/producto/8041-mouse-c-cable-xtech-xtm-710-negro,8/18/2023 3:47:36 PM 
8071,"Disco Interno SSD CRUCIAL BX500 240GB 2.5"" SATA 3.0  540MB/s",CRUSSDBX500/240,CT240BX500SSD1,Almacenamiento,Discos Internos SSD,CRUCIAL,41.88,10.5,0.0,10,46.07,365.5,16838.59,https://elit.com.ar/producto/8071-disco-interno-ssd-crucial-bx500-240gb-2-5-sata-3-0-540mb-s,8/18/2023 3:47:36 PM 
8111,Gabinete CROMAX 2801 Kit T M P Negro Mid Tower C/Fuente 600W Standar,CROGABKIT2801,CM-2801,Hardware,Gabinetes,CROMAX,84.65,10.5,0.0,10,93.12,365.5,34035.36,https://elit.com.ar/producto/8111-gabinete-cromax-2801-kit-t-m-p-negro-mid-tower-c-fuente-600w-standar,8/18/2023 3:47:36 PM 
8553,Cámara Web LOGITECH C920S,LOGWEBC920S,960-001257,Perifericos,Camaras Web,LOGITECH,189.1,21.0,0.0,10,208.01,365.5,76027.66,https://elit.com.ar/producto/8553-camara-web-logitech-c920s,8/18/2023 3:47:36 PM 
8584,Cartucho de Tinta EPSON 206 Amarillo,EPST206420-AL,T206420-AL,Insumos,Cartuchos de Tinta,EPSON,17.33,10.5,0.0,10,19.06,365.5,6966.43,https://elit.com.ar/producto/8584-cartucho-de-tinta-epson-206-amarillo,8/18/2023 3:47:36 PM 
8585,Cartucho de Tinta EPSON 206 Magenta,EPST206320-AL,T206320-AL,Insumos,Cartuchos de Tinta,EPSON,17.33,10.5,0.0,10,19.06,365.5,6966.43,https://elit.com.ar/producto/8585-cartucho-de-tinta-epson-206-magenta,8/18/2023 3:47:36 PM 
8586,Cartucho de Tinta EPSON 206 Cian,EPST206220-AL,T206220-AL,Insumos,Cartuchos de Tinta,EPSON,17.33,10.5,0.0,10,19.06,365.5,6966.43,https://elit.com.ar/producto/8586-cartucho-de-tinta-epson-206-cian,8/18/2023 3:47:36 PM 
8633,Gabinete COOLER MASTER Cosmos C700P Negro Full Tower RGB S/Fuente,CM-GABCOSC700PN,MCC-C700P-KG5N-S00,Hardware,Gabinetes,COOLER MASTER,543.69,10.5,0.0,10,598.06,365.5,218590.93,https://elit.com.ar/producto/8633-gabinete-cooler-master-cosmos-c700p-negro-full-tower-rgb-s-fuente,8/18/2023 3:47:36 PM 
8653,Air Cooler COOLER MASTER Hyper 212 Turbo White Edition LED,CM-COOHY212BLT,RR-212TW-16PW-R1,Hardware,Coolers,COOLER MASTER,98.22,21.0,0.0,10,108.04,365.5,39488.62,https://elit.com.ar/producto/8653-air-cooler-cooler-master-hyper-212-turbo-white-edition-led,8/18/2023 3:47:36 PM 
8690,Auriculares Gaming Ttesports Shock Pro RGB 7.1,THEAURESPRGB,HT-SHK-DIECBK-25,Audio,Auriculares,THERMALTAKE,45.34,21.0,0.0,10,49.87,365.5,18227.49,https://elit.com.ar/producto/8690-auriculares-gaming-ttesports-shock-pro-rgb-7-1,8/18/2023 3:47:36 PM 
8691,Auriculares Gaming Ttesports Pulse G100 LED,THEAURPULG100,HT-PLS-ANECBK-28,Audio,Auriculares,THERMALTAKE,40.2,21.0,0.0,10,44.22,365.5,16162.41,https://elit.com.ar/producto/8691-auriculares-gaming-ttesports-pulse-g100-led,8/18/2023 3:47:36 PM 
8767,Cable BNC CCTV Coaxial GRALF Interior/Exterior,GRACABGF-CCTV18,GF-CCTV18,Accesorios,Accesorios Seguridad,GRALF,11.88,21.0,0.0,10,13.07,365.5,4777.09,https://elit.com.ar/producto/8767-cable-bnc-cctv-coaxial-gralf-interior-exterior,8/18/2023 3:47:36 PM 
8823,Parlante Bluetooth UE WONDERBOOM 2 Negro,LOGPARWON2N,984-001554,Audio,Parlantes,LOGITECH,204.06,21.0,0.0,10,224.47,365.5,82043.79,https://elit.com.ar/producto/8823-parlante-bluetooth-ue-wonderboom-2-negro,8/18/2023 3:47:36 PM 
8824,Parlante Bluetooth UE WONDERBOOM 2 Gris,LOGPARWON2G,984-001555,Audio,Parlantes,LOGITECH,204.06,21.0,0.0,10,224.47,365.5,82043.79,https://elit.com.ar/producto/8824-parlante-bluetooth-ue-wonderboom-2-gris,8/18/2023 3:47:36 PM 
8848,Interruptor inteligente Wi-Fi SM BOX,GRAACCGF-SMBOX,GF-SMBOX,Domotica,Smart Home,GRALF,22.73,10.5,0.0,10,25.0,365.5,9137.5,https://elit.com.ar/producto/8848-interruptor-inteligente-wi-fi-sm-box,8/18/2023 3:47:36 PM 
8849,Enchufe WiFi Inteligente GRALF GF-SMSOCKET,GRAACCGF-SMSOCK,GF-SMSOCKET,Domotica,Smart Home,GRALF,37.95,21.0,0.0,10,41.75,365.5,15259.63,https://elit.com.ar/producto/8849-enchufe-wi-fi-inteligente-gralf-gf-smsocket,8/18/2023 3:47:36 PM 
8850,Control Remoto Inteligente Wi-Fi,GRAACCGF-SMIR,GF-SMIR,Domotica,Smart Home,GRALF,41.19,10.5,0.0,10,45.31,365.5,16560.81,https://elit.com.ar/producto/8850-control-remoto-inteligente-wi-fi,8/18/2023 3:47:36 PM 
8935,Tarjeta de Memoria KINGSTON Select Plus MicroSDXC 32GB UHS-I U1 V10 A1,KINMICROSDS32G2,SDCS2/32GB,Almacenamiento,Memorias Flash,KINGSTON,7.45,21.0,0.0,10,8.2,365.5,2997.1,https://elit.com.ar/producto/8935-tarjeta-de-memoria-kingston-select-plus-micro-sdxc-32gb-uhs-i-u1-v10-a1,8/18/2023 3:47:36 PM 
8985,Liquid Cooler THERMALTAKE Pacific C240 Hard Tube Kit ARGB,THECOOPACC240,CL-W242-CU12SW-A,Hardware,Coolers,THERMALTAKE,391.09,10.5,0.0,10,430.2,365.5,157238.1,https://elit.com.ar/producto/8985-liquid-cooler-thermaltake-pacific-c240-hard-tube-kit-argb,8/18/2023 3:47:36 PM 
8986,Liquid Cooler THERMALTAKE Pacific C360 Hard Tube Kit ARGB,THECOOPACC360,CL-W243-CU12SW-A,Hardware,Coolers,THERMALTAKE,431.45,10.5,0.0,10,474.6,365.5,173466.3,https://elit.com.ar/producto/8986-liquid-cooler-thermaltake-pacific-c360-hard-tube-kit-argb,8/18/2023 3:47:36 PM 
9001,Air Cooler THERMALTAKE UX200 ARGB,THECOOUX200AIR,CL-P065-AL12SW-A,Hardware,Coolers,THERMALTAKE,54.92,21.0,0.0,10,60.41,365.5,22079.86,https://elit.com.ar/producto/9001-air-cooler-thermaltake-ux200-argb,8/18/2023 3:47:36 PM 
9018,Air Cooler COOLER MASTER MasterAir MA620M ARGB,CM-COOMA620M,MAM-D6PN-120PA-R1,Hardware,Coolers,COOLER MASTER,260.7,21.0,0.0,10,286.77,365.5,104814.44,https://elit.com.ar/producto/9018-air-cooler-cooler-master-master-air-ma620m-argb,8/18/2023 3:47:36 PM 
9059,Auricular GENIUS HS-M300 Celeste,GENAURHS-M300C,31710006402,Audio,Auriculares,GENIUS,8.47,21.0,0.0,10,9.32,365.5,3406.46,https://elit.com.ar/producto/9059-auricular-genius-hs-m300-celeste,8/18/2023 3:47:36 PM 
9062,Auricular GENIUS HS-M270 Naranja,GENAURHS-M270N,31710195101,Audio,Auriculares,GENIUS,9.46,21.0,0.0,10,10.41,365.5,3804.86,https://elit.com.ar/producto/9062-auricular-genius-hs-m270-naranja,8/18/2023 3:47:36 PM 
9365,Auricular GENIUS HS-M300 Verde,GENAURHS-M300G,31710006404,Audio,Auriculares,GENIUS,8.49,21.0,0.0,10,9.34,365.5,3413.77,https://elit.com.ar/producto/9365-auricular-genius-hs-m300-verde,8/18/2023 3:47:36 PM 
9366,Auricular GENIUS HS-M300 Amarillo,GENAURHS-M300Y,31710006405,Audio,Auriculares,GENIUS,8.49,21.0,0.0,10,9.34,365.5,3413.77,https://elit.com.ar/producto/9366-auricular-genius-hs-m300-amarillo,8/18/2023 3:47:36 PM 
9393,Air Cooler COOLER MASTER Cooler Hyper H410R RGB,CM-COOH410RRGB,RR-H410-20PC-R1,Hardware,Coolers,COOLER MASTER,71.78,21.0,0.0,10,78.96,365.5,28859.88,https://elit.com.ar/producto/9393-air-cooler-cooler-master-cooler-hyper-h410r-rgb,8/18/2023 3:47:36 PM 
9397,Thermal Grease Cooler COOLER MASTER MasterGel Maker,CM-GELMAKER,MGZ-NDSG-N15M-R2,Hardware,Coolers,COOLER MASTER,26.44,21.0,0.0,10,29.08,365.5,10628.74,https://elit.com.ar/producto/9397-thermal-grease-cooler-cooler-master-master-gel-maker,8/18/2023 3:47:36 PM 
9411,Videoportero EZVIZ DB1,EZVCAM-DB1,CS-DB1- B0-1J5W2FR,Seguridad,Camaras Wifi,EZVIZ,292.34,21.0,0.0,10,321.57,365.5,117533.84,https://elit.com.ar/producto/9411-videoportero-ezviz-db1,8/18/2023 3:47:36 PM 
9430,Fan Cooler COOLER MASTER MasterFan MF120 HALO ARGB,CM-COOMF120HALO,MFL-B2DN-18NPA-R1,Hardware,Coolers,COOLER MASTER,37.78,21.0,0.0,10,41.56,365.5,15190.18,https://elit.com.ar/producto/9430-fan-cooler-cooler-master-master-fan-mf120-halo-argb,8/18/2023 3:47:36 PM 
9444,Fan Cooler COOLER MASTER SickleFlow 120 ARGB,CM-COOFW120ARGB,MFX-B2DN-18NPA-R1,Hardware,Coolers,COOLER MASTER,26.44,21.0,0.0,10,29.08,365.5,10628.74,https://elit.com.ar/producto/9444-fan-cooler-cooler-master-sickle-flow-120-argb,8/18/2023 3:47:36 PM 
9445,Fan Cooler COOLER MASTER SickleFlow 120 RGB,CM-COOSFW120RGB,MFX-B2DN-18NPC-R1,Hardware,Coolers,COOLER MASTER,22.68,21.0,0.0,10,24.95,365.5,9119.23,https://elit.com.ar/producto/9445-fan-cooler-cooler-master-sickle-flow-120-rgb,8/18/2023 3:47:36 PM 
9563,Camara Termica IP HIKVISION 2MP Exterior,HIKCAMDS-2TD261,DS-2TD2617B-6/P,Seguridad,Camaras IP,HIKVISION,499.06,21.0,0.0,10,548.97,365.5,200648.54,https://elit.com.ar/producto/9563-camara-termica-ip-hikvision-2mp-exterior,8/18/2023 3:47:36 PM 
9564,Camara Termica IP HIKVISION 2MP Exterior,HIKCAMDS-2TD121,DS-2TD1217B-6/P,Seguridad,Camaras IP,HIKVISION,499.06,21.0,0.0,10,548.97,365.5,200648.54,https://elit.com.ar/producto/9564-camara-termica-ip-hikvision-2mp-exterior,8/18/2023 3:47:36 PM 
9565,Adaptador trípode de Cam. Termográfica tipo Bullet,HIKACCDS-2909ZJ,DS-2909ZJ,Seguridad,Camaras IP,HIKVISION,28.08,21.0,0.0,10,30.89,365.5,11290.3,https://elit.com.ar/producto/9565-adaptador-tripode-de-cam-termografica-tipo-bullet,8/18/2023 3:47:36 PM 
9566,Adaptador trípode de Cam. Termográfica tipo Turret,HIKACCDS-2908ZJ,DS-2908ZJ,Seguridad,Camaras IP,HIKVISION,28.08,21.0,0.0,10,30.89,365.5,11290.3,https://elit.com.ar/producto/9566-adaptador-tripode-de-cam-termografica-tipo-turret,8/18/2023 3:47:36 PM 
9656,Auricular XTECH Igneus Negro,XTEAURXTH-551,XTH-551,Audio,Auriculares,XTECH,18.29,21.0,0.0,10,20.12,365.5,7353.86,https://elit.com.ar/producto/9656-auricular-xtech-igneus-negro,8/18/2023 3:47:36 PM 
9657,Auricular XTECH Insolense Negro,XTEAURXTH-560,XTH-560,Audio,Auriculares,XTECH,20.63,21.0,0.0,10,22.69,365.5,8293.2,https://elit.com.ar/producto/9657-auricular-xtech-insolense-negro,8/18/2023 3:47:36 PM 
9860,Auricular GENIUS HS-610 Rojo,GENAURHS-610R,31710010402,Audio,Auriculares,GENIUS,24.94,21.0,0.0,10,27.43,365.5,10025.66,https://elit.com.ar/producto/9860-auricular-genius-hs-610-rojo,8/18/2023 3:47:36 PM 
9920,Auricular TRUST GXT 450 Blizz Negro,TRUAURGTX450,23191,Audio,Auriculares,TRUST,46.65,21.0,0.0,10,51.32,365.5,18757.46,https://elit.com.ar/producto/9920-auricular-trust-gxt-450-blizz-negro,8/18/2023 3:47:36 PM 
9921,Auricular TRUST GXT 433 Pylo Negro,TRUAURGTX433,23381,Audio,Auriculares,TRUST,31.23,21.0,0.0,10,34.35,365.5,12554.93,https://elit.com.ar/producto/9921-auricular-trust-gxt-433-pylo-negro,8/18/2023 3:47:36 PM 
9935,Mouse c/cable TRUST Gxt 900 Qudos Negro,TRUMOUGXT900,23400,Perifericos,Mouses,TRUST,30.05,10.5,0.0,10,33.06,365.5,12083.43,https://elit.com.ar/producto/9935-mouse-c-cable-trust-gxt-900-qudos-negro,8/18/2023 3:47:36 PM 
9949,Mouse c/Cable LOGITECH G203 Negro,LOGMOUG203SYNC,910-005793,Perifericos,Mouses,LOGITECH,53.29,10.5,0.0,10,58.62,365.5,21425.61,https://elit.com.ar/producto/9949-mouse-c-cable-logitech-g203-negro,8/18/2023 3:47:36 PM 
10020,Mouse c/Cable LOGITECH G203 Blanco,LOGMOUG203,910-005794,Perifericos,Mouses,LOGITECH,52.98,10.5,0.0,10,58.28,365.5,21301.34,https://elit.com.ar/producto/10020-mouse-c-cable-logitech-g203-blanco,8/18/2023 3:47:36 PM 
10026,Mouse Inalámbrico KLIP XTREME ErgoBall Negro,KLIMOUKMW-800,KMW-800,Perifericos,Mouses,KLIP XTREME,69.26,10.5,0.0,10,76.19,365.5,27847.45,https://elit.com.ar/producto/10026-mouse-inalambrico-klip-xtreme-ergo-ball-negro,8/18/2023 3:47:36 PM 
10030,Impresora multifunción monocromatica EcoTank M2120,EPSIMPM2120,C11CJ18301,Impresoras,Impresoras Multifunción,EPSON,902.31,21.0,0.0,10,992.54,365.5,362773.37,https://elit.com.ar/producto/10030-impresora-multifuncion-monocromatica-eco-tank-m2120,8/18/2023 3:47:36 PM 
10047,Tarjeta de Memoria SANDISK Ultra MicroSDXC 64GB UHS-I U1 V10,SANMSD-ULT64,SDSQUNR-064G-GN3MA,Almacenamiento,Memorias Flash,SANDISK,11.24,21.0,0.0,10,12.36,365.5,4517.58,https://elit.com.ar/producto/10047-tarjeta-de-memoria-sandisk-ultra-micro-sdxc-64gb-uhs-i-u1-v10,8/18/2023 3:47:36 PM 
10082,Tarjeta de Memoria SANDISK Ultra MicroSDXC 32GB UHS-I U1 V10,SANMSD-ULT32,SDSQUNR-032G-GN3MA,Almacenamiento,Memorias Flash,SANDISK,8.2,21.0,0.0,10,9.02,365.5,3296.81,https://elit.com.ar/producto/10082-tarjeta-de-memoria-sandisk-ultra-micro-sdxc-32gb-uhs-i-u1-v10,8/18/2023 3:47:36 PM 
10117,Gabinete COOLER MASTER MasterBox NR200P Blanco Mini ITX S/Fuente,CM-GABMBNR200PW,MCB-NR200P-WGNN-S00,Hardware,Gabinetes,COOLER MASTER,143.82,10.5,0.0,10,158.2,365.5,57822.1,https://elit.com.ar/producto/10117-gabinete-cooler-master-master-box-nr200p-blanco-mini-itx-s-fuente,8/18/2023 3:47:36 PM 
10128,Auricular TRUST GXT 433K Pylo Negro y Gris,TRUAURGXT433K,23939,Audio,Auriculares,TRUST,31.23,21.0,0.0,10,34.35,365.5,12554.93,https://elit.com.ar/producto/10128-auricular-trust-gxt-433k-pylo-negro-y-gris,8/18/2023 3:47:36 PM 
10243,Conector Modulo NEXXT RJ45 x50 Cat 5E,NEXCABCONCAT5E,AW102NXT02,Cables,Cables,NEXXT,13.57,21.0,0.0,10,14.93,365.5,5456.92,https://elit.com.ar/producto/10243-conector-modulo-nexxt-rj45-x50-cat-5e,8/18/2023 3:47:36 PM 
10251,Patch Panel Rack NEXXT 48 Puertos Cat 5E,NEXACCCAT5E48,AW190NXT11,Cables,Cables,NEXXT,78.46,21.0,0.0,10,86.31,365.5,31546.31,https://elit.com.ar/producto/10251-patch-panel-rack-nexxt-48-puertos-cat-5e,8/18/2023 3:47:36 PM 
10253,Patch Panel Rack NEXXT 48 Puertos Cat 6,NEXACCCAT648,AW191NXT11,Cables,Cables,NEXXT,107.47,21.0,0.0,10,118.22,365.5,43209.41,https://elit.com.ar/producto/10253-patch-panel-rack-nexxt-48-puertos-cat-6,8/18/2023 3:47:36 PM 
10302,Auricular XTECH Aktive Deportivo Negro,XTEMOUXTH-710,XTH-710,Audio,Auriculares,XTECH,16.45,21.0,0.0,10,18.1,365.5,6615.55,https://elit.com.ar/producto/10302-auricular-xtech-aktive-deportivo-negro,8/18/2023 3:47:36 PM 
10314,Procesador AMD Ryzen 5 5600X 3.80GHz AM4 DDR4,AMDPRO5600X6COR,100-100000065BOX,Hardware,Procesadores,AMD,601.01,10.5,0.0,10,661.11,365.5,241635.71,https://elit.com.ar/producto/10314-procesador-amd-ryzen-5-5600x-3-80g-hz-am4-ddr4,8/18/2023 3:47:36 PM 
10325,Memoria Ram UDIMM KINGSTON KVR 8GB DDR4 2666MHz CL19 1.20V Single Negro,KINMEM26N19S6/8,KVR26N19S6/8,Memorias,Memorias PC,KINGSTON,45.95,10.5,0.0,10,50.55,365.5,18476.02,https://elit.com.ar/producto/10325-memoria-ram-udimm-kingston-kvr-8gb-ddr4-2666m-hz-cl19-1-20v-single-negro,8/18/2023 3:47:36 PM 
10388,Auricular TRUST GXT 444 Wayman Negro,TRUAURGXT444,23248,Audio,Auriculares,TRUST,70.4,21.0,0.0,10,77.44,365.5,28304.32,https://elit.com.ar/producto/10388-auricular-trust-gxt-444-wayman-negro,8/18/2023 3:47:36 PM 
10469,Cámara Web GENIUS FaceCam 1000X V2 Negro,GENCAM3400,32200003400,Perifericos,Camaras Web,GENIUS,29.39,21.0,0.0,10,32.33,365.5,11816.62,https://elit.com.ar/producto/10469-camara-web-genius-face-cam-1000x-v2-negro,8/18/2023 3:47:36 PM 
10512,Mouse c/cable GENIUS Scorpion M6-400 Negro,GENMOUSGM6-400,31040062101,Perifericos,Mouses,GENIUS,27.2,10.5,0.0,10,29.92,365.5,10935.76,https://elit.com.ar/producto/10512-mouse-c-cable-genius-scorpion-m6-400-negro,8/18/2023 3:47:36 PM 
10513,Mouse c/cable GENIUS Scorpion M8-610 Negro,GENMOUSGM8-610,31040064102,Perifericos,Mouses,GENIUS,32.38,10.5,0.0,10,35.62,365.5,13019.11,https://elit.com.ar/producto/10513-mouse-c-cable-genius-scorpion-m8-610-negro,8/18/2023 3:47:36 PM 
10605,Air Cooler COOLER MASTER Hyper 212 Turbo ARGB,CM-COOHRR-212TK,RR-212TK-18PA-R1,Hardware,Coolers,COOLER MASTER,105.76,21.0,0.0,10,116.34,365.5,42522.27,https://elit.com.ar/producto/10605-air-cooler-cooler-master-hyper-212-turbo-argb,8/18/2023 3:47:36 PM 
10640,Scanner Epson DS-870 ADF 1200dpi,EPSESCDS-870,B11B250201,Imagen,Escaner,EPSON,1346.79,10.5,0.0,10,1481.47,365.5,541477.29,https://elit.com.ar/producto/10640-scanner-epson-ds-870-adf-1200dpi,8/18/2023 3:47:36 PM 
10663,Pen Drive KINGSTON Exodia 32GB USB 3.2 Gen 1 Tipo A Negro,KINPENDTX/32GB,DTX/32GB,Almacenamiento,Pen Drive,KINGSTON,8.66,21.0,0.0,10,9.53,365.5,3483.21,https://elit.com.ar/producto/10663-pen-drive-kingston-exodia-32gb-usb-3-2-gen-1-tipo-a-negro,8/18/2023 3:47:36 PM 
10666,Pen Drive KINGSTON Exodia 64GB USB 3.2 Gen 1 Tipo A Negro,KINPENDTX/64GB,DTX/64GB,Almacenamiento,Pen Drive,KINGSTON,12.39,21.0,0.0,10,13.63,365.5,4981.77,https://elit.com.ar/producto/10666-pen-drive-kingston-exodia-64gb-usb-3-2-gen-1-tipo-a-negro,8/18/2023 3:47:36 PM 
10674,Pen Drive Sandisk Ultra Shift 3.0 USB Black 64GB,SANPENSDCZ41064,SDCZ410-064G-G46,Almacenamiento,Pen Drive,SANDISK,13.46,21.0,0.0,10,14.81,365.5,5413.06,https://elit.com.ar/producto/10674-pen-drive-sandisk-ultra-shift-3-0-usb-black-64gb,8/18/2023 3:47:36 PM 
10731,Volante LOGITECH G923 Negro,LOGVOLG923,941-000148,Perifericos,Volantes,LOGITECH,890.12,21.0,0.0,10,979.13,365.5,357872.02,https://elit.com.ar/producto/10731-volante-logitech-g923-negro,8/18/2023 3:47:36 PM 
10738,Mouse c/cable GENIUS Scorpion M8-610 Blanco,GENMOUSGM8610B,31040064103,Perifericos,Mouses,GENIUS,33.44,10.5,0.0,10,36.78,365.5,13443.09,https://elit.com.ar/producto/10738-mouse-c-cable-genius-scorpion-m8-610-blanco,8/18/2023 3:47:36 PM 
10752,Fuente GIGABYTE AORUS 750W 80 Plus Gold ATX Modular,GIGFUEGPAP750GM,GP-AP750GM,Hardware,Fuentes,GIGABYTE,194.55,21.0,0.0,10,214.01,365.5,78220.66,https://elit.com.ar/producto/10752-fuente-gigabyte-aorus-750w-80-plus-gold-atx-modular,8/18/2023 3:47:36 PM 
10753,Fuente Gigabyte AP850GM AORUS 80 Gold modular,GIGFUEGPAP850GM,GP-AP850GM,Hardware,Fuentes,GIGABYTE,214.01,21.0,0.0,10,235.41,365.5,86042.36,https://elit.com.ar/producto/10753-fuente-gigabyte-ap850gm-aorus-80-gold-modular,8/18/2023 3:47:36 PM 
10823,"Disco Interno SSD CRUCIAL BX500 1TB 2.5"" SATA 3.0  540MB/s",CRUSSDBX500/1TB,CT1000BX500SSD1,Almacenamiento,Discos Internos SSD,CRUCIAL,111.6,10.5,0.0,10,122.76,365.5,44868.78,https://elit.com.ar/producto/10823-disco-interno-ssd-crucial-bx500-1tb-2-5-sata-3-0-540mb-s,8/18/2023 3:47:36 PM 
11910,Camara WIFI LC1C EZVIZ NO 2MP Exterior Bullet,EZVCAMCS-LC1C,CS-LC1C-A0-1F2WPFRL,Seguridad,Camaras Wifi,EZVIZ,155.88,21.0,0.0,10,171.47,365.5,62672.29,https://elit.com.ar/producto/11910-camara-wifi-lc1c-ezviz-no-2mp-exterior-bullet,8/18/2023 3:47:36 PM 
11943,Memoria Ram UDIMM CRUCIAL Basics 8GB DDR4 2666MHz CL17 1.20V Single Verde,CRUMEMCB8GU2666,CB8GU2666,Memorias,Memorias PC,CRUCIAL,35.61,10.5,0.0,10,39.17,365.5,14316.64,https://elit.com.ar/producto/11943-memoria-ram-udimm-crucial-basics-8gb-ddr4-2666m-hz-cl17-1-20v-single-verde,8/18/2023 3:47:36 PM 
11950,Disco Interno SSD WESTERN DIGITAL SN350 480GB M.2 NVMe PCIe 3.0  2400MB/s,WDSSD480G2G0C,WDS480G2G0C,Almacenamiento,Discos Internos SSD,WD,70.89,10.5,0.0,10,77.98,365.5,28501.69,https://elit.com.ar/producto/11950-disco-interno-ssd-western-digital-sn350-480gb-m-2-nv-me-pc-ie-3-0-2400mb-s,8/18/2023 3:47:36 PM 
14496,Auricular PRIMUS Arcus90T Violeta,PRIAURPHS-90T,PHS-90T,Audio,Auriculares,PRIMUS,19.35,21.0,0.0,10,21.29,365.5,7781.5,https://elit.com.ar/producto/14496-auricular-primus-arcus90t-violeta,8/18/2023 3:47:36 PM 
14613,Procesador INTEL Core i3-10105F 3.70GHz LGA1200 DDR4,INTPRO10105F,BX8070110105F,Hardware,Procesadores,INTEL,161.11,10.5,0.0,10,177.22,365.5,64773.91,https://elit.com.ar/producto/14613-procesador-intel-core-i3-10105f-3-70g-hz-lga1200-ddr4,8/18/2023 3:47:36 PM 
14621,Mouse Inalámbrico LOGITECH GPRO X Superlight Negro,LOGMOU910-00587,910-005879,Perifericos,Mouses,LOGITECH,213.14,10.5,0.0,10,234.45,365.5,85691.48,https://elit.com.ar/producto/14621-mouse-inalambrico-logitech-gpro-x-superlight-negro,8/18/2023 3:47:36 PM 
14622,Mouse Inalámbrico LOGITECH GPRO X Superlight Blanco,LOGMOU910-00594,910-005941,Perifericos,Mouses,LOGITECH,209.58,10.5,0.0,10,230.54,365.5,84262.37,https://elit.com.ar/producto/14622-mouse-inalambrico-logitech-gpro-x-superlight-blanco,8/18/2023 3:47:36 PM 
14688,Air Cooler COOLER MASTER MasterAir MA610P ARGB,CM-COOMA610AB,MAP-T6PN-218PA-R1,Hardware,Coolers,COOLER MASTER,185.12,21.0,0.0,10,203.63,365.5,74426.77,https://elit.com.ar/producto/14688-air-cooler-cooler-master-master-air-ma610p-argb,8/18/2023 3:47:36 PM 
14703,Escritorio para computadora con tope de vidrio,XTEESCXTF-CD197,XTF-CD197,Muebles,Sillas,XTECH,140.51,21.0,0.0,10,154.56,365.5,56491.68,https://elit.com.ar/producto/14703-escritorio-para-computadora-con-tope-de-vidrio,8/18/2023 3:47:36 PM 
14731,"Monitor GIGABYTE G27FC 27""",GIGMON-G27FCASA,G27FC A-SA,Imagen,Monitores,GIGABYTE,361.69,21.0,23.46,10,397.86,365.5,145417.83,https://elit.com.ar/producto/14731-monitor-gigabyte-g27fc-27,8/18/2023 3:47:36 PM 
14793,Fuente COOLER MASTER MWE V2 850W 80 Plus Gold ATX Modular,CM-FUEGOL850,MPE-8501-AFAAG-WO,Hardware,Fuentes,COOLER MASTER,170.37,21.0,0.0,10,187.41,365.5,68498.36,https://elit.com.ar/producto/14793-fuente-cooler-master-mwe-v2-850w-80-plus-gold-atx-modular,8/18/2023 3:47:36 PM 
14820,Liquid Cooler THERMALTAKE Pacific C240 Soft Tube Kit ARGB,THECOOPC240STWC,CL-W249-CU12SW-A,Hardware,Coolers,THERMALTAKE,362.89,10.5,0.0,10,399.18,365.5,145900.29,https://elit.com.ar/producto/14820-liquid-cooler-thermaltake-pacific-c240-soft-tube-kit-argb,8/18/2023 3:47:36 PM 
14821,Liquid Cooler THERMALTAKE Pacific C360 Soft Tube Kit ARGB,THECOOPC360STWC,CL-W253-CU12SW-A,Hardware,Coolers,THERMALTAKE,401.62,10.5,0.0,10,441.78,365.5,161470.59,https://elit.com.ar/producto/14821-liquid-cooler-thermaltake-pacific-c360-soft-tube-kit-argb,8/18/2023 3:47:36 PM 
14853,Memoria Ram UDIMM KINGSTON Fury Beast 8GB DDR4 2666MHz CL16 1.20V Single Negro RGB,KFUMEM426C16B/8,KF426C16BBA/8,Memorias,Memorias PC,KINGSTON,42.68,10.5,0.0,10,46.95,365.5,17160.23,https://elit.com.ar/producto/14853-memoria-ram-udimm-kingston-fury-beast-8gb-ddr4-2666m-hz-cl16-1-20v-single-negro-rgb,8/18/2023 3:47:36 PM 
14854,Memoria Ram UDIMM KINGSTON Fury Beast 8GB DDR4 3200MHz CL16 1.35V Single Negro,KFUMEM432C16B/8,KF432C16BB/8,Memorias,Memorias PC,KINGSTON,52.13,10.5,0.0,10,57.34,365.5,20957.77,https://elit.com.ar/producto/14854-memoria-ram-udimm-kingston-fury-beast-8gb-ddr4-3200m-hz-cl16-1-35v-single-negro,8/18/2023 3:47:36 PM 
14855,Memoria Ram UDIMM KINGSTON Fury Beast 8GB DDR4 2666MHz CL16 1.20V Single Negro,KFUMEM426C16BB8,KF426C16BB/8,Memorias,Memorias PC,KINGSTON,49.76,10.5,0.0,10,54.74,365.5,20007.47,https://elit.com.ar/producto/14855-memoria-ram-udimm-kingston-fury-beast-8gb-ddr4-2666m-hz-cl16-1-20v-single-negro,8/18/2023 3:47:36 PM 
14856,Memoria Ram UDIMM KINGSTON Fury Beast 8GB DDR4 3600MHz CL17 1.35V Single Negro RGB,KFUMEM436C17BB8,KF436C17BBA/8,Memorias,Memorias PC,KINGSTON,47.7,10.5,0.0,10,52.47,365.5,19177.79,https://elit.com.ar/producto/14856-memoria-ram-udimm-kingston-fury-beast-8gb-ddr4-3600m-hz-cl17-1-35v-single-negro-rgb,8/18/2023 3:47:36 PM 
14876,Procesador AMD Ryzen 5 5600G 3.90GHz AM4 DDR4,AMDPRO5600G6COR,100-100000252BOX,Hardware,Procesadores,AMD,538.23,10.5,0.0,10,592.05,365.5,216394.28,https://elit.com.ar/producto/14876-procesador-amd-ryzen-5-5600g-3-90g-hz-am4-ddr4,8/18/2023 3:47:36 PM 
14877,Procesador AMD Ryzen 7 5700G 3.80GHz AM4 DDR4,AMDPRO5700G8COR,100-100000263BOX,Hardware,Procesadores,AMD,716.52,10.5,0.0,10,788.17,365.5,288076.14,https://elit.com.ar/producto/14877-procesador-amd-ryzen-7-5700g-3-80g-hz-am4-ddr4,8/18/2023 3:47:36 PM 
14883,Auricular XTECH Molten Negro,XTEAURXTH-520BK,XTH-520BK,Audio,Auriculares,XTECH,14.09,21.0,0.0,10,15.5,365.5,5665.25,https://elit.com.ar/producto/14883-auricular-xtech-molten-negro,8/18/2023 3:47:36 PM 
14884,Auricular XTECH Molten Red,XTEAURXTH-520RD,XTH-520RD,Audio,Auriculares,XTECH,14.09,21.0,0.0,10,15.5,365.5,5665.25,https://elit.com.ar/producto/14884-auricular-xtech-molten-red,8/18/2023 3:47:36 PM 
14889,Cámara Web KLIP XTREME Laguham,KLICAMKWC-500,KWC-500,Perifericos,Camaras Web,KLIP XTREME,58.61,21.0,0.0,10,64.47,365.5,23563.79,https://elit.com.ar/producto/14889-camara-web-klip-xtreme-laguham,8/18/2023 3:47:36 PM 
14902,Memoria Ram UDIMM KINGSTON Fury Beast 8GB DDR4 3200MHz CL16 1.35V Single Negro RGB,KFUMEM432C16BB8,KF432C16BBA/8,Memorias,Memorias PC,KINGSTON,46.55,10.5,0.0,10,51.21,365.5,18717.26,https://elit.com.ar/producto/14902-memoria-ram-udimm-kingston-fury-beast-8gb-ddr4-3200m-hz-cl16-1-35v-single-negro-rgb,8/18/2023 3:47:36 PM 
14905,Memoria Ram UDIMM KINGSTON Fury Renegade 8GB DDR4 3200MHz CL16 1.35V Single Negro RGB,KFUMEM432C16RBA,KF432C16RBA/8,Memorias,Memorias PC,KINGSTON,74.79,10.5,0.0,10,82.27,365.5,30069.69,https://elit.com.ar/producto/14905-memoria-ram-udimm-kingston-fury-renegade-8gb-ddr4-3200m-hz-cl16-1-35v-single-negro-rgb,8/18/2023 3:47:36 PM 
14914,Memoria Ram UDIMM KINGSTON KVR 16GB DDR4 2666MHz CL19 1.20V Single Negro,KINMEMKVR26NS16,KVR26N19S8/16,Memorias,Memorias PC,KINGSTON,85.7,10.5,0.0,10,94.27,365.5,34455.69,https://elit.com.ar/producto/14914-memoria-ram-udimm-kingston-kvr-16gb-ddr4-2666m-hz-cl19-1-20v-single-negro,8/18/2023 3:47:36 PM 
14919,Camara WIFI LC1C EZVIZ NO 2MP Exterior Bullet,EZVCAMCS-LC1CB,CS-LC1C-A0-1F2WPFRL-BK,Seguridad,Camaras Wifi,EZVIZ,233.53,21.0,0.0,10,256.88,365.5,93889.64,https://elit.com.ar/producto/14919-camara-wifi-lc1c-ezviz-no-2mp-exterior-bullet,8/18/2023 3:47:36 PM 
14924,Cerradura Inteligente EZVIZ L2,EZVCAM-L2,CS-L2-11FCP (A0)(Black),Seguridad,Camaras Wifi,EZVIZ,446.59,21.0,0.0,10,491.25,365.5,179551.88,https://elit.com.ar/producto/14924-cerradura-inteligente-ezviz-l2,8/18/2023 3:47:36 PM 
14969,Lampara Inteligente NHB-C320 NEXXT 4W (Equivalente a 40W) x 1un,NEXLAMNHB-C320,NHB-C320,Domotica,Smart Home,NEXXT,9.66,10.5,0.0,10,10.63,365.5,3885.27,https://elit.com.ar/producto/14969-lampara-inteligente-nhb-c320-nexxt-4w-equivalente-a-40w-x-1un,8/18/2023 3:47:36 PM 
14974,Gabinete COOLER MASTER MasterFrame 700 Negro Full Tower S/Fuente,CM-GABMF700,MCF-MF700-KGNN-S00,Hardware,Gabinetes,COOLER MASTER,252.83,10.5,0.0,10,278.11,365.5,101649.21,https://elit.com.ar/producto/14974-gabinete-cooler-master-master-frame-700-negro-full-tower-s-fuente,8/18/2023 3:47:36 PM 
15002,Impresora LaserJet Enterprise M611dn,HP-IMP7PS84A,7PS84A,Impresoras,Impresoras Laser,HP,1669.84,10.5,0.0,10,1836.82,365.5,671357.71,https://elit.com.ar/producto/15002-impresora-laser-jet-enterprise-m611dn,8/18/2023 3:47:36 PM 
15006,Kit de Soporte Lenovo ThinkCentre Tiny II,LENACC4XH0N0409,4XH0N04098,Imagen,Accesorios,LENOVO,28.66,21.0,0.0,10,31.53,365.5,11524.22,https://elit.com.ar/producto/15006-kit-de-soporte-lenovo-think-centre-tiny-ii,8/18/2023 3:47:36 PM 
15015,Memoria Ram UDIMM KINGSTON Fury Beast 16GB DDR4 3200MHz CL16 1.35V Single Negro RGB,KFUMEM432C16BBA,KF432C16BBA/16,Memorias,Memorias PC,KINGSTON,98.34,10.5,0.0,10,108.17,365.5,39536.14,https://elit.com.ar/producto/15015-memoria-ram-udimm-kingston-fury-beast-16gb-ddr4-3200m-hz-cl16-1-35v-single-negro-rgb,8/18/2023 3:47:36 PM 
15030,Botella de Tinta EPSON 555 Amarillo,EPST555420-AL,T555420-AL,Insumos,Botellas de Tinta,EPSON,29.22,21.0,0.0,10,32.14,365.5,11747.17,https://elit.com.ar/producto/15030-botella-de-tinta-epson-555-amarillo,8/18/2023 3:47:36 PM 
15139,Auricular KLIP XTREME Dynamik Deportivo Azul,KLIAURKSM-750BL,KSM-750BL,Audio,Auriculares,KLIP XTREME,35.52,10.5,0.0,10,39.07,365.5,14280.09,https://elit.com.ar/producto/15139-auricular-klip-xtreme-dynamik-deportivo-azul,8/18/2023 3:47:36 PM 
15167,Impresora Smart Tank 720 Wireless,HP-IMP6UU46A,6UU46A,Impresoras,Impresoras de Sistema Continuo,HP,701.03,21.0,0.0,10,771.13,365.5,281848.02,https://elit.com.ar/producto/15167-impresora-smart-tank-720-wireless,8/18/2023 3:47:36 PM 
15168,Impresora Smart Tank 750 Wireless,HP-IMP6UU47A,6UU47A,Impresoras,Impresoras de Sistema Continuo,HP,935.59,21.0,0.0,10,1029.15,365.5,376154.33,https://elit.com.ar/producto/15168-impresora-smart-tank-750-wireless,8/18/2023 3:47:36 PM 
15192,Fuente COOLER MASTER MWE V2 750W 80 Plus Gold ATX Modular,CM-FUEGOL750V2,MPE-7501-AFAAG-WO,Hardware,Fuentes,COOLER MASTER,145.65,21.0,0.0,10,160.22,365.5,58560.41,https://elit.com.ar/producto/15192-fuente-cooler-master-mwe-v2-750w-80-plus-gold-atx-modular,8/18/2023 3:47:36 PM 
15321,"Disco Interno HDD WESTERN DIGITAL Purple 2TB 3.5"" SATA 3.0 5400rpm",WD-HDWD22PURZ,WD22PURZ,Almacenamiento,Discos Internos,WD,128.87,10.5,0.0,10,141.76,365.5,51813.28,https://elit.com.ar/producto/15321-disco-interno-hdd-western-digital-purple-2tb-3-5-sata-3-0-5400rpm,8/18/2023 3:47:36 PM 
15345,Procesador INTEL Core i5-12400 2.50GHz LGA1700 DDR4/DDR5,INTPROI5-12400,BX8071512400,Hardware,Procesadores,INTEL,519.53,10.5,0.0,10,571.48,365.5,208875.94,https://elit.com.ar/producto/15345-procesador-intel-core-i5-12400-2-50g-hz-lga1700-ddr4-ddr5,8/18/2023 3:47:36 PM 
15358,"Notebook LENOVO IdeaPad 3 14"" Intel Core i3-1115G4 8GB DDR4-3200Mhz Intel UHD Graphics 256GB SSD y 1TB HDD Windows 11 Ho",LENNOT82H701AMA,82H701AMAR,Computadoras,Notebooks Consumo,LENOVO,1212.21,10.5,0.0,10,1333.43,365.5,487368.67,https://elit.com.ar/producto/15358-notebook-lenovo-idea-pad-3-14-intel-core-i3-1115g4-8gb-ddr4-3200mhz-intel-uhd-graphics-256gb-ssd-y-1tb-hdd-windows-11-ho,8/18/2023 3:47:36 PM 
15359,"Notebook LENOVO IdeaPad Flex 5 14"" AMD Ryzen 3 5300U 8GB DDR4-3200Mhz AMD Radeon Graphics 256GB SSD Windows 11 Home",LENNOT82HU0148A,82HU0148AR,Computadoras,Notebooks Consumo,LENOVO,1250.41,10.5,0.0,10,1375.45,365.5,502726.98,https://elit.com.ar/producto/15359-notebook-lenovo-idea-pad-flex-5-14-amd-ryzen-3-5300u-8gb-ddr4-3200mhz-amd-radeon-graphics-256gb-ssd-windows-11-home,8/18/2023 3:47:36 PM 
15362,"Notebook LENOVO ThinkBook 15 G2 ITL 15"" Intel Core i5-1135G7 8GB DD4-3200Mhz Intel Iris Xe 256GB SSD -",LENNOT20VE00L4A,20VE00L4AR,Computadoras,Notebooks Corporativo,LENOVO,1747.95,10.5,0.0,10,1922.75,365.5,702765.13,https://elit.com.ar/producto/15362-notebook-lenovo-think-book-15-g2-itl-15-intel-core-i5-1135g7-8gb-dd4-3200mhz-intel-iris-xe-256gb-ssd,8/18/2023 3:47:36 PM 
15374,Procesador INTEL Core i3-12100F 3.30GHz LGA1700 DDR4/DDR5,INTPROI3-12100F,BX8071512100F,Hardware,Procesadores,INTEL,257.4,10.5,0.0,10,283.14,365.5,103487.67,https://elit.com.ar/producto/15374-procesador-intel-core-i3-12100f-3-30g-hz-lga1700-ddr4-ddr5,8/18/2023 3:47:36 PM 
15386,Auricular KLIP XTREME Twin Touch Negro,KLIAURKTE-010BK,KTE-010BK,Audio,Auriculares,KLIP XTREME,38.45,10.5,0.0,10,42.3,365.5,15460.65,https://elit.com.ar/producto/15386-auricular-klip-xtreme-twin-touch-negro,8/18/2023 3:47:36 PM 
15387,Auricular KLIP XTREME Twin Touch Blanco,KLIAURKTE-010WH,KTE-010WH,Audio,Auriculares,KLIP XTREME,38.45,10.5,0.0,10,42.3,365.5,15460.65,https://elit.com.ar/producto/15387-auricular-klip-xtreme-twin-touch-blanco,8/18/2023 3:47:36 PM 
15388,Auricular KLIP XTREME Twin Touch Azul,KLIAURKTE-010BL,KTE-010BL,Audio,Auriculares,KLIP XTREME,38.45,10.5,0.0,10,42.3,365.5,15460.65,https://elit.com.ar/producto/15388-auricular-klip-xtreme-twin-touch-azul,8/18/2023 3:47:36 PM 
15394,Mouse Pad LOGITECH M Grafito,LOGMOUPGRAPHM,956-000035,Perifericos,Mouse Pad,LOGITECH,24.34,21.0,0.0,10,26.77,365.5,9784.44,https://elit.com.ar/producto/15394-mouse-pad-logitech-m-grafito,8/18/2023 3:47:36 PM 
15395,Mouse Pad LOGITECH M Rosa,LOGMOUPROSEM,956-000037,Perifericos,Mouse Pad,LOGITECH,24.28,21.0,0.0,10,26.71,365.5,9762.51,https://elit.com.ar/producto/15395-mouse-pad-logitech-m-rosa,8/18/2023 3:47:36 PM 
15396,Mouse Pad LOGITECH M Azul,LOGMOUPBLUEM,956-000038,Perifericos,Mouse Pad,LOGITECH,24.28,21.0,0.0,10,26.71,365.5,9762.51,https://elit.com.ar/producto/15396-mouse-pad-logitech-m-azul,8/18/2023 3:47:36 PM 
15397,Mouse Pad LOGITECH XL Lavanda,LOGMOUPXLLAV,956-000036,Perifericos,Mouse Pad,LOGITECH,52.38,21.0,0.0,10,57.62,365.5,21060.11,https://elit.com.ar/producto/15397-mouse-pad-logitech-xl-lavanda,8/18/2023 3:47:36 PM 
15501,Cooler Hyper 212 White Edition LED,CM-COO212WHITEL,RR-212L-16PW-R1,Hardware,Coolers,COOLER MASTER,67.99,21.0,0.0,10,74.79,365.5,27335.75,https://elit.com.ar/producto/15501-cooler-hyper-212-white-edition-led,8/18/2023 3:47:36 PM 
15515,Memoria Ram UDIMM CRUCIAL Basics 16GB DDR4 2666MHz CL17 1.20V Single Verde,CRUMEMCB16GU266,CB16GU2666,Memorias,Memorias PC,CRUCIAL,78.95,10.5,0.0,10,86.85,365.5,31743.68,https://elit.com.ar/producto/15515-memoria-ram-udimm-crucial-basics-16gb-ddr4-2666m-hz-cl17-1-20v-single-verde,8/18/2023 3:47:36 PM 
15518,Air Cooler COOLER MASTER Hyper 212 ARGB,CM-COOH212ARGB,RR-2V2L-18PA-R1,Hardware,Coolers,COOLER MASTER,79.32,21.0,0.0,10,87.25,365.5,31889.88,https://elit.com.ar/producto/15518-air-cooler-cooler-master-hyper-212-argb,8/18/2023 3:47:36 PM 
15523,Motherboard GIGABYTE H610M H Ultra Durable LGA1700 DDR4,GIGMOTH610MH4,H610M H DDR4,Hardware,Motherboards,GIGABYTE,192.79,10.5,0.0,10,212.07,365.5,77511.58,https://elit.com.ar/producto/15523-motherboard-gigabyte-h610m-h-ultra-durable-lga1700-ddr4,8/18/2023 3:47:36 PM 
15526,Gabinete GIGABYTE AORUS C700 GLASS Negro Full Tower ARGB S/Fuente,GIGGABAC700G,AC700G,Hardware,Gabinetes,GIGABYTE,791.38,10.5,0.0,10,870.52,365.5,318175.06,https://elit.com.ar/producto/15526-gabinete-gigabyte-aorus-c700-glass-negro-full-tower-argb-s-fuente,8/18/2023 3:47:36 PM 
15543,Fuente MSI MPG A750GF 750W 80 Plus Gold ATX Modular,MSIFUEA750GF,306-7ZP0B21-CE0,Hardware,Fuentes,MSI,148.59,21.0,0.0,10,163.45,365.5,59740.98,https://elit.com.ar/producto/15543-fuente-msi-mpg-a750gf-750w-80-plus-gold-atx-modular,8/18/2023 3:47:36 PM 
15553,Soporte Auricular XTECH Yurei Negro,XTESOPXTH-690,XTH-690,Imagen,Soportes,XTECH,44.82,21.0,3.0,10,49.3,365.5,18019.15,https://elit.com.ar/producto/15553-soporte-auricular-xtech-yurei-negro,8/18/2023 3:47:36 PM 
15556,Auricular KLIP XTREME Jog Budz II Deportivo Verde,KLIAURKSM-150GN,KSM-150GN,Audio,Auriculares,KLIP XTREME,28.1,10.5,0.0,10,30.91,365.5,11297.61,https://elit.com.ar/producto/15556-auricular-klip-xtreme-jog-budz-ii-deportivo-verde,8/18/2023 3:47:36 PM 
15557,Auricular KLIP XTREME Jog Budz II Deportivo Rojo,KLIAURKSM-150RD,KSM-150RD,Audio,Auriculares,KLIP XTREME,28.1,10.5,0.0,10,30.91,365.5,11297.61,https://elit.com.ar/producto/15557-auricular-klip-xtreme-jog-budz-ii-deportivo-rojo,8/18/2023 3:47:36 PM 
15560,"Monitor HP P22v G4 21.50""",HP-MON9TT53AA,9TT53AA,Imagen,Monitores,HP,203.61,21.0,23.46,10,223.97,365.5,81861.04,https://elit.com.ar/producto/15560-monitor-hp-p22v-g4-21-50,8/18/2023 3:47:36 PM 
15571,Disco Interno SSD WESTERN DIGITAL SN350 1TB M.2 NVMe PCIe 3.0  3200MB/s,WDSSD100T3G0C,WDS100T3G0C,Almacenamiento,Discos Internos SSD,WD,118.39,10.5,0.0,10,130.23,365.5,47599.06,https://elit.com.ar/producto/15571-disco-interno-ssd-western-digital-sn350-1tb-m-2-nv-me-pc-ie-3-0-3200mb-s,8/18/2023 3:47:36 PM 
15660,Memoria Ram SODIMM KINGSTON KVR 16GB DDR4 3200MHz CL22 1.20V Single Negro,KINMEM32S22S816,KVR32S22S8/16,Memorias,Memorias Notebook,KINGSTON,81.54,10.5,0.0,10,89.69,365.5,32781.7,https://elit.com.ar/producto/15660-memoria-ram-sodimm-kingston-kvr-16gb-ddr4-3200m-hz-cl22-1-20v-single-negro,8/18/2023 3:47:36 PM 
15661,Memoria Ram SODIMM KINGSTON KVR 16GB DDR4 2666MHz CL19 1.20V Single Negro,KINMEM26S19S816,KVR26S19S8/16,Memorias,Memorias Notebook,KINGSTON,77.77,10.5,0.0,10,85.55,365.5,31268.53,https://elit.com.ar/producto/15661-memoria-ram-sodimm-kingston-kvr-16gb-ddr4-2666m-hz-cl19-1-20v-single-negro,8/18/2023 3:47:36 PM 
15670,Impresora HP Laser Neverstop 1200a,HP-IMP4QD21A,4QD21A,Impresoras,Impresoras Laser,HP,656.75,21.0,0.0,10,722.43,365.5,264048.16,https://elit.com.ar/producto/15670-impresora-hp-laser-neverstop-1200a,8/18/2023 3:47:36 PM 
15671,Joystick LOGITECH F710 Gris,LOGJOYF710,940-000117,,Joysticks,LOGITECH,89.46,10.5,0.0,10,98.41,365.5,35968.85,https://elit.com.ar/producto/15671-joystick-logitech-f710-gris,8/18/2023 3:47:36 PM 
15708,Fuente COOLER MASTER Adaptador 24 Pines ATX p/Cable CM,CM-CABXXBK1-GL,CMA-CEMB00XXBK1-GL,Hardware,Fuentes,COOLER MASTER,20.55,21.0,0.0,10,22.61,365.5,8263.96,https://elit.com.ar/producto/15708-fuente-cooler-master-adaptador-24-pines-atx-p-cable-cm,8/18/2023 3:47:36 PM 
15709,Fuente COOLER MASTER Cable 24 Pines ATX p/Adaptador CM,CM-CAB24PINCAB,CABLE24PINES,Hardware,Fuentes,COOLER MASTER,2.05,21.0,0.0,10,2.26,365.5,826.03,https://elit.com.ar/producto/15709-fuente-cooler-master-cable-24-pines-atx-p-adaptador-cm,8/18/2023 3:47:36 PM 
15716,"Notebook LENOVO ThinkBook 15 G2 ITL 15"" Intel Core i7-1165G7 8GB DD4-3200Mhz Intel Iris Xe 256GB SSD -",LENNOT20VE00L1A,20VE00L1AR,Computadoras,Notebooks Corporativo,LENOVO,2105.84,10.5,0.0,10,2316.42,365.5,846651.51,https://elit.com.ar/producto/15716-notebook-lenovo-think-book-15-g2-itl-15-intel-core-i7-1165g7-8gb-dd4-3200mhz-intel-iris-xe-256gb-ssd,8/18/2023 3:47:36 PM 
15736,"Notebook LENOVO Lenovo V14 G2 ITL 14"" Intel Core i3-1115G4 8GB DD4-3200Mhz Intel UHD Graphics 256GB SSD -",LENNOT82KA010HA,82KA010HAR,Computadoras,Notebooks Corporativo,LENOVO,818.96,10.5,0.0,10,900.86,365.5,329264.33,https://elit.com.ar/producto/15736-notebook-lenovo-lenovo-v14-g2-itl-14-intel-core-i3-1115g4-8gb-dd4-3200mhz-intel-uhd-graphics-256gb-ssd,8/18/2023 3:47:36 PM 
15759,Gabinete THERMALTAKE AH T600 Negro Mid Tower S/Fuente,THEGABAHT600N,CA-1Q4-00M1WN-00,Hardware,Gabinetes,THERMALTAKE,347.99,10.5,0.0,10,382.79,365.5,139909.75,https://elit.com.ar/producto/15759-gabinete-thermaltake-ah-t600-negro-mid-tower-s-fuente,8/18/2023 3:47:36 PM 
15760,Gabinete THERMALTAKE AH T600 Snow Blanco Mid Tower S/Fuente,THEGABAHT600B,CA-1Q4-00M6WN-00,Hardware,Gabinetes,THERMALTAKE,338.05,10.5,0.0,10,371.86,365.5,135914.83,https://elit.com.ar/producto/15760-gabinete-thermaltake-ah-t600-snow-blanco-mid-tower-s-fuente,8/18/2023 3:47:36 PM 
15762,Gabinete THERMALTAKE AH T200 Snow Blanco Micro Chassis S/Fuente,THEGABAHT200B,CA-1R4-00S6WN-00,Hardware,Gabinetes,THERMALTAKE,221.84,10.5,0.0,10,244.02,365.5,89189.31,https://elit.com.ar/producto/15762-gabinete-thermaltake-ah-t200-snow-blanco-micro-chassis-s-fuente,8/18/2023 3:47:36 PM 
15764,Gabinete THERMALTAKE View 51 TG Snow Blanco Full Tower ARGB S/Fuente,THEGAB51TGARGBB,CA-1Q6-00M6WN-00,Hardware,Gabinetes,THERMALTAKE,259.1,10.5,0.0,10,285.01,365.5,104171.16,https://elit.com.ar/producto/15764-gabinete-thermaltake-view-51-tg-snow-blanco-full-tower-argb-s-fuente,8/18/2023 3:47:36 PM 
15775,"Disco Interno SSD WESTERN DIGITAL Green 240GB 2.5"" SATA 3.0  545MB/s",WDSSD240G3G0A,WDS240G3G0A,Almacenamiento,Discos Internos SSD,WD,40.16,10.5,0.0,10,44.18,365.5,16147.79,https://elit.com.ar/producto/15775-disco-interno-ssd-western-digital-green-240gb-2-5-sata-3-0-545mb-s,8/18/2023 3:47:36 PM 
15779,Memoria Ram SODIMM KINGSTON KVR 8GB DDR4 3200MHz CL22 1.20V Single Negro,KINMEM32S22S6/8,KVR32S22S6/8,Memorias,Memorias Notebook,KINGSTON,43.71,10.5,0.0,10,48.08,365.5,17573.24,https://elit.com.ar/producto/15779-memoria-ram-sodimm-kingston-kvr-8gb-ddr4-3200m-hz-cl22-1-20v-single-negro,8/18/2023 3:47:36 PM 
15793,Procesador INTEL Core i3-12100 3.30GHz LGA1700 DDR4/DDR5,INTPROI3-12100,BX8071512100,Hardware,Procesadores,INTEL,356.06,10.5,0.0,10,391.67,365.5,143155.39,https://elit.com.ar/producto/15793-procesador-intel-core-i3-12100-3-30g-hz-lga1700-ddr4-ddr5,8/18/2023 3:47:36 PM 
15810,Mouse Inalámbrico LOGITECH GPRO X Superlight Magenta,LOGMOUSUPERLMAG,910-005955,Perifericos,Mouses,LOGITECH,209.43,10.5,0.0,10,230.37,365.5,84200.24,https://elit.com.ar/producto/15810-mouse-inalambrico-logitech-gpro-x-superlight-magenta,8/18/2023 3:47:36 PM 
15826,Air Cooler COOLER MASTER Hyper 212 Spectrum V2 ARGB,CM-COOHY212SV2,RR-2V2L-18PD-R1,Hardware,Coolers,COOLER MASTER,64.22,21.0,0.0,10,70.64,365.5,25818.92,https://elit.com.ar/producto/15826-air-cooler-cooler-master-hyper-212-spectrum-v2-argb,8/18/2023 3:47:36 PM 
15829,Air Cooler COOLER MASTER Hyper 212 Black Edition RGB,CM-COOHY212RGBB,RR-212S-20PC-R2,Hardware,Coolers,COOLER MASTER,120.88,21.0,0.0,10,132.97,365.5,48600.54,https://elit.com.ar/producto/15829-air-cooler-cooler-master-hyper-212-black-edition-rgb,8/18/2023 3:47:36 PM 
15832,Fan Cooler COOLER MASTER MasterFan MF120 Prismatic ARGB,CM-COOMF120PRIS,MFY-B2DN-20NPA-R1,Hardware,Coolers,COOLER MASTER,45.34,21.0,0.0,10,49.87,365.5,18227.49,https://elit.com.ar/producto/15832-fan-cooler-cooler-master-master-fan-mf120-prismatic-argb,8/18/2023 3:47:36 PM 
15833,Fan Cooler COOLER MASTER MasterFan MF120 S2 ARGB,CM-COOMF120S2,MFW-B2DN-12NFA-S2,Hardware,Coolers,COOLER MASTER,15.1,21.0,0.0,10,16.61,365.5,6070.96,https://elit.com.ar/producto/15833-fan-cooler-cooler-master-master-fan-mf120-s2-argb,8/18/2023 3:47:36 PM 
15834,Fan Cooler COOLER MASTER MasterFan MF120 S3 ARGB,CM-COOMF120S3,MFW-B2DN-18NPA-S3,Hardware,Coolers,COOLER MASTER,20.81,21.0,0.0,10,22.89,365.5,8366.3,https://elit.com.ar/producto/15834-fan-cooler-cooler-master-master-fan-mf120-s3-argb,8/18/2023 3:47:36 PM 
15840,Accesorio Cooler COOLER MASTER Kit Brackets p/Socket LGA1700,CM-COOBRA5420,603005420-GP,Hardware,Coolers,COOLER MASTER,16.65,21.0,0.0,10,18.32,365.5,6695.96,https://elit.com.ar/producto/15840-accesorio-cooler-cooler-master-kit-brackets-p-socket-lga1700,8/18/2023 3:47:36 PM 
15856,Motherboard MSI PRO H610M-G LGA1700 DDR4,MSIMOTH610MDDR4,PRO H610M-G DDR4,Hardware,Motherboards,MSI,220.48,10.5,0.0,10,242.53,365.5,88644.72,https://elit.com.ar/producto/15856-motherboard-msi-pro-h610m-g-lga1700-ddr4,8/18/2023 3:47:36 PM 
15862,"Monitor LENOVO D22e-20 FHD 21.45""",LENMON66D2KAC6A,66D2KAC6AR,Imagen,Monitores,LENOVO,193.84,21.0,0.0,10,213.22,365.5,77931.91,https://elit.com.ar/producto/15862-monitor-lenovo-d22e-20-fhd-21-45,8/18/2023 3:47:36 PM 
15893,Fuente COOLER MASTER MWE V2 1050W 80 Plus Gold ATX Modular,CM-FUEGFM1050W,MPE-A501-AFCAG-WO,Hardware,Fuentes,COOLER MASTER,249.83,21.0,0.0,10,274.81,365.5,100443.06,https://elit.com.ar/producto/15893-fuente-cooler-master-mwe-v2-1050w-80-plus-gold-atx-modular,8/18/2023 3:47:36 PM 
15898,"Disco Interno SSD WESTERN DIGITAL Green 480GB 2.5"" SATA 3.0  545MB/s",WDSSD480G3G0A,WDS480G3G0A,Almacenamiento,Discos Internos SSD,WD,61.35,10.5,0.0,10,67.49,365.5,24667.59,https://elit.com.ar/producto/15898-disco-interno-ssd-western-digital-green-480gb-2-5-sata-3-0-545mb-s,8/18/2023 3:47:36 PM 
15908,"Notebook GIGABYTE AERO 16 16"" Intel Core i7-12700H 16GB DDR5-4800Mhz GeForce RTX 3060P 1TB SSD Windows 10 Pro",GIGNOTAE16KE5,AERO 16 KE5-72LA934HP,Computadoras,Notebooks Consumo,GIGABYTE,3624.48,10.5,0.0,10,3986.93,365.5,1457222.92,https://elit.com.ar/producto/15908-notebook-gigabyte-aero-16-16-intel-core-i7-12700h-16gb-ddr5-4800mhz-ge-force-rtx-3060p-1tb-ssd-windows-10-pro,8/18/2023 3:47:36 PM 
15930,Funda p/Tablet BAGS FSN10TB-N Negro,BAGSFUNFSN10TBN,FSN10TB-N,Estuches,Fundas,BAGS,7.21,21.0,0.0,10,7.93,365.5,2898.42,https://elit.com.ar/producto/15930-funda-p-tablet-bags-fsn10tb-n-negro,8/18/2023 3:47:36 PM 
15942,"Monitor 19"" LCD HDMI",PHIMONHDMI19,193V5LHSB2/77,Imagen,Monitores,PHILIPS,153.71,21.0,0.0,10,169.08,365.5,61798.74,https://elit.com.ar/producto/15942-monitor-19-lcd-hdmi,8/18/2023 3:47:36 PM 
15966,Memoria Ram UDIMM KINGSTON KVR 16GB DDR4 3200MHz CL22 1.20V Single Negro,KINMEMKVR32N22S,KVR32N22S8/16,Memorias,Memorias PC,KINGSTON,86.44,10.5,0.0,10,95.08,365.5,34751.74,https://elit.com.ar/producto/15966-memoria-ram-udimm-kingston-kvr-16gb-ddr4-3200m-hz-cl22-1-20v-single-negro,8/18/2023 3:47:36 PM 
16005,"Monitor Philips 22"" VGA HDMI",PHIMON221V8/77,221V8/77,Imagen,Monitores,PHILIPS,183.95,21.0,0.0,10,202.35,365.5,73958.93,https://elit.com.ar/producto/16005-monitor-philips-22-vga-hdmi,8/18/2023 3:47:36 PM 
16018,Memoria Ram UDIMM KINGSTON KVR 8GB DDR4 3200MHz CL22 1.20V Single Negro,KINMEMKVR32N228,KVR32N22S8/8,Memorias,Memorias PC,KINGSTON,48.26,10.5,0.0,10,53.09,365.5,19404.4,https://elit.com.ar/producto/16018-memoria-ram-udimm-kingston-kvr-8gb-ddr4-3200m-hz-cl22-1-20v-single-negro,8/18/2023 3:47:36 PM 
16023,Disco Interno SSD CRUCIAL P3 500GB M.2 NVMe PCIe 3.0  3500MB/s,CRUSSDP3500,CT500P3SSD8,Almacenamiento,Discos Internos SSD,CRUCIAL,74.48,10.5,0.0,10,81.93,365.5,29945.42,https://elit.com.ar/producto/16023-disco-interno-ssd-crucial-p3-500gb-m-2-nv-me-pc-ie-3-0-3500mb-s,8/18/2023 3:47:36 PM 
16042,Motherboard MSI PRO H610M-B LGA1700 DDR4,MSIMOTH610MbD4,MSI-PRO-H610M-B-DDR4,Hardware,Motherboards,MSI,210.52,10.5,0.0,10,231.57,365.5,84638.84,https://elit.com.ar/producto/16042-motherboard-msi-pro-h610m-b-lga1700-ddr4,8/18/2023 3:47:36 PM 
16053,Motherboard GIGABYTE X570S AORUS ELITE AM4 DDR4,GIGMOTX570SAELI,X570S AORUS ELITE,Hardware,Motherboards,GIGABYTE,474.98,10.5,0.0,10,522.48,365.5,190966.44,https://elit.com.ar/producto/16053-motherboard-gigabyte-x570s-aorus-elite-am4-ddr4,8/18/2023 3:47:36 PM 
16057,Funda p/Disco Externo BAGS FNGPS/CAM-S Striples Estampado,BAGFUNFNCAMS,FNGPS/CAM-S,Estuches,Fundas,BAGS,19.63,21.0,0.0,10,21.59,365.5,7891.15,https://elit.com.ar/producto/16057-funda-p-disco-externo-bags-fngps-cam-s-striples-estampado,8/18/2023 3:47:36 PM 
16058,Funda p/Disco Externo BAGS FNGPS/CAM-LP Love Paris Estampado,BAGFUNFNCAMLP,FNGPS/CAM-LP,Estuches,Fundas,BAGS,19.63,21.0,0.0,10,21.59,365.5,7891.15,https://elit.com.ar/producto/16058-funda-p-disco-externo-bags-fngps-cam-lp-love-paris-estampado,8/18/2023 3:47:36 PM 
16065,Placa Radeon RX 6500 XT EAGLE 4G,GIGPDV65EA4GD,GV-R65XTEAGLE-4GD,Hardware,Placas de Video,GIGABYTE,496.95,10.5,0.0,10,546.65,365.5,199800.58,https://elit.com.ar/producto/16065-placa-radeon-rx-6500-xt-eagle-4g,8/18/2023 3:47:36 PM 
16076,Fuente THERMALTAKE TOUGHPOWER GF1 850W 80 Plus Gold ATX Modular,THEFUEGF1850W,TTP-850AH3FCG,Hardware,Fuentes,THERMALTAKE,170.92,21.0,0.0,10,188.01,365.5,68717.66,https://elit.com.ar/producto/16076-fuente-thermaltake-toughpower-gf1-850w-80-plus-gold-atx-modular,8/18/2023 3:47:36 PM 
16077,Fuente THERMALTAKE TOUGHPOWER GF1 750W 80 Plus Gold ATX Modular,THEFUEGF1750W,TTP-750AH3FCG,Hardware,Fuentes,THERMALTAKE,150.24,21.0,0.0,10,165.26,365.5,60402.53,https://elit.com.ar/producto/16077-fuente-thermaltake-toughpower-gf1-750w-80-plus-gold-atx-modular,8/18/2023 3:47:36 PM 
16078,Fuente THERMALTAKE TOUGHPOWER GF1 650W 80 Plus Gold ATX Modular,THEFUEGF1650W,TTP-650AH3FCG,Hardware,Fuentes,THERMALTAKE,135.05,21.0,0.0,10,148.56,365.5,54298.68,https://elit.com.ar/producto/16078-fuente-thermaltake-toughpower-gf1-650w-80-plus-gold-atx-modular,8/18/2023 3:47:36 PM 
16089,Tóner PANTUM TL-411X Negro,PANTONTL411X,TL-411X,Insumos,Toners,PANTUM,103.48,21.0,0.0,10,113.83,365.5,41604.87,https://elit.com.ar/producto/16089-toner-pantum-tl-411x-negro,8/18/2023 3:47:36 PM 
16152,PC LENOVO ThinkCentre Neo 50s Intel Core i7-12700 8GB DDR4-3200MHz 256GB SSD Free DOS,LENPC11SYS0LQ00,11SYS0LQ00,Computadoras,PC de Escritorio,LENOVO,1269.91,10.5,0.0,10,1396.9,365.5,510566.95,https://elit.com.ar/producto/16152-pc-lenovo-think-centre-neo-50s-intel-core-i7-12700-8gb-ddr4-3200m-hz-256gb-ssd-free-dos,8/18/2023 3:47:36 PM 
16153,"AIO LENOVO ThinkCentre Neo 30a Intel Core i5-1240P 23.8"" 1x8GB 256GB Free DOS",LENAIO12B2A01CA,12B2A01CAC,Computadoras,All In One,LENOVO,1249.91,10.5,0.0,10,1374.9,365.5,502525.95,https://elit.com.ar/producto/16153-aio-lenovo-think-centre-neo-30a-intel-core-i5-1240p-23-8-1x8gb-256gb-free-dos,8/18/2023 3:47:36 PM 
16155,"AIO LENOVO ThinkCentre Neo 30a Intel Core i7-1260P 23.8"" 1x8GB 512GB Free DOS",LENAIO12B2A01DA,12B2A01DAC,Computadoras,All In One,LENOVO,1449.81,10.5,0.0,10,1594.79,365.5,582895.75,https://elit.com.ar/producto/16155-aio-lenovo-think-centre-neo-30a-intel-core-i7-1260p-23-8-1x8gb-512gb-free-dos,8/18/2023 3:47:36 PM 
16156,"Monitor Philips 24"" FULL HD VGA HDMI",PHIMON24V8L/77,241V8L/77,Imagen,Monitores,PHILIPS,196.6,21.0,0.0,10,216.26,365.5,79043.03,https://elit.com.ar/producto/16156-monitor-philips-24-full-hd-vga-hdmi,8/18/2023 3:47:36 PM 
16159,Impresora HP LaserJet Pro MFP 4103fdw,HP-IMP2Z629A,2Z629A,Impresoras,Impresoras Laser,HP,727.64,21.0,0.0,10,800.4,365.5,292546.2,https://elit.com.ar/producto/16159-impresora-hp-laser-jet-pro-mfp-4103fdw,8/18/2023 3:47:36 PM 
16172,Camara Wifi Ezviz BM1 Bear Celeste Bateria,EZVCAM-BM1BE,"CS-BM1 (1080P,Be)",Seguridad,Camaras Wifi,EZVIZ,118.25,21.0,0.0,10,130.08,365.5,47544.24,https://elit.com.ar/producto/16172-camara-wifi-ezviz-bm1-bear-celeste-bateria,8/18/2023 3:47:36 PM 
16173,Camara Wifi Ezviz BM1 Rabbit Rosa Bateria,EZVCAM-BM1RA,"CS-BM1 (1080P,Ra)",Seguridad,Camaras Wifi,EZVIZ,118.25,21.0,0.0,10,130.08,365.5,47544.24,https://elit.com.ar/producto/16173-camara-wifi-ezviz-bm1-rabbit-rosa-bateria,8/18/2023 3:47:36 PM 
16221,Mouse c/cable XTECH Swarm Negro,XTEMOUXTM-910,XTM-910,Perifericos,Mouses,XTECH,19.0,10.5,0.0,10,20.9,365.5,7638.95,https://elit.com.ar/producto/16221-mouse-c-cable-xtech-swarm-negro,8/18/2023 3:47:36 PM 
16273,"Notebook Lenovo E41 14"" I3-1005G1 8GB 500GB W10P",LENNOT82HW002MA,82HW002MAR,Computadoras,Notebooks Corporativo,LENOVO,1022.72,10.5,0.0,10,1124.99,365.5,411183.85,https://elit.com.ar/producto/16273-notebook-lenovo-e41-14-i3-1005g1-8gb-500gb-w10p,8/18/2023 3:47:36 PM 
16281,"Disco Interno SSD CRUCIAL BX500 500GB 2.5"" SATA 3.0  550MB/s",CRUSSDBX500/500,CT500BX500SSD1,Almacenamiento,Discos Internos SSD,CRUCIAL,58.61,10.5,0.0,10,64.47,365.5,23563.79,https://elit.com.ar/producto/16281-disco-interno-ssd-crucial-bx500-500gb-2-5-sata-3-0-550mb-s,8/18/2023 3:47:36 PM 
16284,Gabinete COOLER MASTER Cosmos C700M Blanco Full Tower ARGB S/Fuente,CM-GABCOSC700MW,MCC-C700M-WG5N-S00,Hardware,Gabinetes,COOLER MASTER,775.81,10.5,0.0,10,853.39,365.5,311914.05,https://elit.com.ar/producto/16284-gabinete-cooler-master-cosmos-c700m-blanco-full-tower-argb-s-fuente,8/18/2023 3:47:36 PM 
16447,Monitor HP OMEN 25i FHD Gaming,HP-MON22J05AA,22J05AA,Imagen,Monitores,HP,335.14,21.0,23.46,10,368.65,365.5,134741.57,https://elit.com.ar/producto/16447-monitor-hp-omen-25i-fhd-gaming,8/18/2023 3:47:36 PM 
16448,Monitor HP M22f FHD,HP-MON2D9J9AA,2D9J9AA,Imagen,Monitores,HP,158.07,21.0,23.46,10,173.88,365.5,63553.14,https://elit.com.ar/producto/16448-monitor-hp-m22f-fhd,8/18/2023 3:47:36 PM 
16452,Monitor HP X27 FHD IPS Gaming,HP-MON2V6B2AA,2V6B2AA,Imagen,Monitores,HP,320.73,21.0,23.46,10,352.8,365.5,128948.4,https://elit.com.ar/producto/16452-monitor-hp-x27-fhd-ips-gaming,8/18/2023 3:47:36 PM 
16453,"Monitor Giga 34"" Edge UltraWide QHD G34WQC 144Hz 1",GIGMONG34WQCASA,G34WQC A SA,Imagen,Monitores,GIGABYTE,789.18,21.0,23.46,10,868.1,365.5,317290.55,https://elit.com.ar/producto/16453-monitor-giga-34-edge-ultra-wide-qhd-g34wqc-144hz-1,8/18/2023 3:47:36 PM 
16469,Gabinete The Tower 500 Negro  C/ Vidrio Templado,THEGABTTW500N,CA-1X1-00M1WN-00,Hardware,Gabinetes,THERMALTAKE,225.54,10.5,0.0,10,248.09,365.5,90676.9,https://elit.com.ar/producto/16469-gabinete-the-tower-500-negro-c-vidrio-templado,8/18/2023 3:47:36 PM 
16470,Gabinete The Tower 500 Blanco C/ Vidrio Templado,THEGABTTW500B,CA-1X1-00M6WN-00,Hardware,Gabinetes,THERMALTAKE,222.45,10.5,0.0,10,244.7,365.5,89437.85,https://elit.com.ar/producto/16470-gabinete-the-tower-500-blanco-c-vidrio-templado,8/18/2023 3:47:36 PM 
16539,Gabinete View 300 MX Negro - ARGB C/ Vidrio Temp,THEGABV300MXNEG,CA-1P6-00M1WN-00,Hardware,Gabinetes,THERMALTAKE,270.65,10.5,0.0,10,297.71,365.5,108813.0,https://elit.com.ar/producto/16539-gabinete-view-300-mx-negro-argb-c-vidrio-temp,8/18/2023 3:47:36 PM 
16540,Gabinete View 300 MX Blanco - ARGB C/ Vidrio Temp,THEGABV300MXBLA,CA-1P6-00M6WN-00,Hardware,Gabinetes,THERMALTAKE,270.65,10.5,0.0,10,297.71,365.5,108813.0,https://elit.com.ar/producto/16540-gabinete-view-300-mx-blanco-argb-c-vidrio-temp,8/18/2023 3:47:36 PM 
16551,Motherboard (AM4) GIGABYTE X570SI AORUS PRO AX,GIGMOTX570SIAPX,X570SI AORUS PRO AX,Hardware,Motherboards,GIGABYTE,550.18,10.5,0.0,10,605.2,365.5,221200.6,https://elit.com.ar/producto/16551-motherboard-am4-gigabyte-x570si-aorus-pro-ax,8/18/2023 3:47:36 PM 
16553,Disco Interno SSD KINGSTON NV2 250GB M.2 NVMe PCIe 4.0  3000MB/s,KINSSDSNV2S/250,SNV2S/250G,Almacenamiento,Discos Internos SSD,KINGSTON,58.89,10.5,0.0,10,64.78,365.5,23677.09,https://elit.com.ar/producto/16553-disco-interno-ssd-kingston-nv2-250gb-m-2-nv-me-pc-ie-4-0-3000mb-s,8/18/2023 3:47:36 PM 
16554,Disco Interno SSD KINGSTON NV2 500GB M.2 NVMe PCIe 4.0  3500MB/s,KINSSDSNV2S/500,SNV2S/500G,Almacenamiento,Discos Internos SSD,KINGSTON,72.08,10.5,0.0,10,79.29,365.5,28980.5,https://elit.com.ar/producto/16554-disco-interno-ssd-kingston-nv2-500gb-m-2-nv-me-pc-ie-4-0-3500mb-s,8/18/2023 3:47:36 PM 
16570,Cinta de tinta S015329   FX-890 RIBBON,EPSCINS015329,S015329,Insumos,Cintas,EPSON,11.27,21.0,0.0,10,12.4,365.5,4532.2,https://elit.com.ar/producto/16570-cinta-de-tinta-s015329-fx-890-ribbon,8/18/2023 3:47:36 PM 
16575,"Monitor Giga 27"" Edge FHD M27F KVM 144Hz 1ms",GIGMON-M27FASA,M27F A-SA,Imagen,Monitores,GIGABYTE,398.07,21.0,23.46,10,437.88,365.5,160045.14,https://elit.com.ar/producto/16575-monitor-giga-27-edge-fhd-m27f-kvm-144hz-1ms,8/18/2023 3:47:36 PM 
16584,"Funda Bags Tablet 10"" Neoprene London",BAGSFUNFN10LOND,FN10TB-L,Estuches,Fundas,BAGS,9.51,21.0,0.0,10,10.46,365.5,3823.13,https://elit.com.ar/producto/16584-funda-bags-tablet-10-neoprene-london,8/18/2023 3:47:36 PM 
16592,Procesador Core i7-13700K 3.4GHz 30MB LGA 1700,INTPROI713700K,BX8071513700K,Hardware,Procesadores,INTEL,1183.22,10.5,0.0,10,1301.54,365.5,475712.87,https://elit.com.ar/producto/16592-procesador-core-i7-13700k-3-4g-hz-30mb-lga-1700,8/18/2023 3:47:36 PM 
16611,Escaner HP ScanJet Pro 2600 f1,HP-SCAN20G05A,20G05A,Imagen,Escaner,HP,414.2,10.5,0.0,10,455.62,365.5,166529.11,https://elit.com.ar/producto/16611-escaner-hp-scan-jet-pro-2600-f1,8/18/2023 3:47:36 PM 
16632,Pen Drive Sandisk Ultra Shift 3.0 USB Black 32GB,SANPENZ41032G,SDCZ410-032G-G46,Almacenamiento,Pen Drive,SANDISK,8.39,21.0,0.0,10,9.23,365.5,3373.57,https://elit.com.ar/producto/16632-pen-drive-sandisk-ultra-shift-3-0-usb-black-32gb,8/18/2023 3:47:36 PM 
16640,Placa GeForce RTX 3060 WINDFORCE OC 12G,GIGPDVN306W2O12,GV-N3060WF2OC-12GD,Hardware,Placas de Video,GIGABYTE,1017.02,10.5,0.0,10,1118.72,365.5,408892.16,https://elit.com.ar/producto/16640-placa-ge-force-rtx-3060-windforce-oc-12g,8/18/2023 3:47:36 PM 
16665,Mouse Gaming Inalámbrico GPRO Superlight Rojo,LOGMOUSUPERLRED,910-006783,Perifericos,Mouses,LOGITECH,210.48,10.5,0.0,10,231.53,365.5,84624.22,https://elit.com.ar/producto/16665-mouse-gaming-inalambrico-gpro-superlight-rojo,8/18/2023 3:47:36 PM 
16678,Procesador AMD Ryzen 7 7700 3.8GHz AM5 DDR5,AMDPROR7-7700,100-100000592BOX,Hardware,Procesadores,AMD,916.04,10.5,0.0,10,1007.64,365.5,368292.42,https://elit.com.ar/producto/16678-procesador-amd-ryzen-7-7700-3-8g-hz-am5-ddr5,8/18/2023 3:47:36 PM 
16681,Mouse Inalámbrico Logitech M170 Blanco,LOGMOUM170WHT,910-006864,Perifericos,Mouses,LOGITECH,18.01,10.5,0.0,10,19.81,365.5,7240.55,https://elit.com.ar/producto/16681-mouse-inalambrico-logitech-m170-blanco,8/18/2023 3:47:36 PM 
16682,Mouse Gaming Logitech G502 X Negro,LOGMOUG502XNEGR,910-006137,Perifericos,Mouses,LOGITECH,128.29,10.5,0.0,10,141.12,365.5,51579.36,https://elit.com.ar/producto/16682-mouse-gaming-logitech-g502-x-negro,8/18/2023 3:47:36 PM 
16683,Mouse Gaming Logitech G502 X Blanco,LOGMOUG502XWHT,910-006145,Perifericos,Mouses,LOGITECH,128.0,10.5,0.0,10,140.8,365.5,51462.4,https://elit.com.ar/producto/16683-mouse-gaming-logitech-g502-x-blanco,8/18/2023 3:47:36 PM 
16684,Auriculares Logitech H390 Rosa,LOGAURH390ROSA,981-001280,Audio,Auriculares,LOGITECH,68.8,21.0,0.0,10,75.68,365.5,27661.04,https://elit.com.ar/producto/16684-auriculares-logitech-h390-rosa,8/18/2023 3:47:36 PM 
16685,Auriculares Logitech H390 Blanco,LOGAURH390WHT,981-001285,Audio,Auriculares,LOGITECH,68.87,21.0,0.0,10,75.76,365.5,27690.28,https://elit.com.ar/producto/16685-auriculares-logitech-h390-blanco,8/18/2023 3:47:36 PM 
16721,Procesador Core i3-13100 QCore 3.40GHz 12MB 1700,INTPROI3-13100,BX8071513100,Hardware,Procesadores,INTEL,404.4,10.5,0.0,10,444.84,365.5,162589.02,https://elit.com.ar/producto/16721-procesador-core-i3-13100-q-core-3-40g-hz-12mb-1700,8/18/2023 3:47:36 PM 
16723,"Disco duro interno WD 4TB 3.5"" Purple SATA 256MB",WD-HDWD43PURZ,WD43PURZ,Almacenamiento,Discos Internos,WD,222.96,10.5,0.0,10,245.26,365.5,89642.53,https://elit.com.ar/producto/16723-disco-duro-interno-wd-4tb-3-5-purple-sata-256mb,8/18/2023 3:47:36 PM 
16724,Procesador Core i3-13100F QCore 3.40GHz 12MB 1700,INTPROI3-13100F,BX8071513100F,Hardware,Procesadores,INTEL,331.0,10.5,0.0,10,364.1,365.5,133078.55,https://elit.com.ar/producto/16724-procesador-core-i3-13100f-q-core-3-40g-hz-12mb-1700,8/18/2023 3:47:36 PM 
16725,Procesador Core i5-13400 2.50GHz  20MB LGA 1700,INTPROI5-13400,BX8071513400,Hardware,Procesadores,INTEL,656.0,10.5,0.0,10,721.6,365.5,263744.8,https://elit.com.ar/producto/16725-procesador-core-i5-13400-2-50g-hz-20mb-lga-1700,8/18/2023 3:47:36 PM 
16726,Procesador Core i5-13400F 2.50GHz 20MB LGA 1700,INTPROI5-13400F,BX8071513400F,Hardware,Procesadores,INTEL,580.74,10.5,0.0,10,638.81,365.5,233485.06,https://elit.com.ar/producto/16726-procesador-core-i5-13400f-2-50g-hz-20mb-lga-1700,8/18/2023 3:47:36 PM 
16727,Procesador Core i7-13700 2.10GHz  30MB LGA 1700,INTPROI7-13700,BX8071513700,Hardware,Procesadores,INTEL,1116.41,10.5,0.0,10,1228.05,365.5,448852.28,https://elit.com.ar/producto/16727-procesador-core-i7-13700-2-10g-hz-30mb-lga-1700,8/18/2023 3:47:36 PM 
16794,HP ZCentral 4R XW2223 32GB/512 PC W11P NV5GB,HP-WS2W9D6LA,2W9D6LA,Computadoras,PC de Escritorio,HP,4300.25,10.5,0.0,10,4730.28,365.5,1728917.34,https://elit.com.ar/producto/16794-hp-z-central-4r-xw2223-32gb-512-pc-w11p-nv5gb,8/18/2023 3:47:36 PM 
16796,"HP EB830G8 14"" i5-1145G7 13 32GB/512",HP-NOT593W0EC,593W0EC,Computadoras,Notebooks Corporativo,HP,2759.27,10.5,0.0,10,3035.2,365.5,1109365.6,https://elit.com.ar/producto/16796-hp-eb830g8-14-i5-1145g7-13-32gb-512,8/18/2023 3:47:36 PM 
16802,HP Elitebook 800G6 DM i5-10500 16GB 256SSD,HP-WS349A6EC,349A6EC,Computadoras,PC de Escritorio,HP,1291.8,10.5,0.0,10,1420.98,365.5,519368.19,https://elit.com.ar/producto/16802-hp-elitebook-800g6-dm-i5-10500-16gb-256ssd,8/18/2023 3:47:36 PM 
