Código,Descripción,Final USD,Final Esp USD,PROMO final USD,Categoría,Sub Categoría,Marca,Tipo de IVA
JBLE35BLK,JBL AURICULAR E35 ON-EAR /DISEÑO PLEGABLE/ BLACK WIRED,74.34,72.1,,AUDIO,AURICULARES,JBL,21.0
JBLV310BTGML,JBL AURICULAR EVEREST 310 ON-EAR BLUETOOTH  - GUN METAL,265.33,257.35,,AUDIO,AURICULARES BLUETOOTH,JBL,21.0
JBLAWAREBLKI,JBL AURICULAR REFLECT AWARE NOISE CANCEL IN-EAR BLACK P/IPHONE,189.4,183.71,,AUDIO,AURICULARES,JBL,21.0
JBLAWAREBLUI,JBL AURICULAR REFLECT AWARE NOISE CANCEL IN-EAR BLUE P/IPHONE,189.4,183.71,,AUDIO,AURICULARES,JBL,21.0
JBLAWAREREDI,JBL AURICULAR REFLECT AWARE NOISE CANCEL IN-EAR RED P/IPHONE,189.4,183.71,,AUDIO,AURICULARES,JBL,21.0
JBLCHARGE5BLK,JBL PARLANTE CHARGE 5 BLUETOOTH BLACK,269.38,261.3,,AUDIO,PARLANTES PORTATILES BLUETOOTH,JBL,21.0
JBLCHARGE5BLU,JBL PARLANTE CHARGE 5 BLUETOOTH BLUE,269.38,261.3,,AUDIO,PARLANTES PORTATILES BLUETOOTH,JBL,21.0
JBLCHARGE5GRE,JBL PARLANTE CHARGE 5 BLUETOOTH GREY,269.38,261.3,,AUDIO,PARLANTES PORTATILES BLUETOOTH,JBL,21.0
JBLCLIP4BLUAM,JBL PARLANTE CLIP 4 BLUETOOTH WIRELESS BLUE,126.34,122.54,,AUDIO,PARLANTES PORTATILES BLUETOOTH,JBL,21.0
JBLFLIP6BLUE,JBL PARLANTE FLIP 6 BLUE,195.77,189.89,,AUDIO,PARLANTES PORTATILES BLUETOOTH,JBL,21.0
JBLFLIP6GRE,JBL PARLANTE FLIP 6 GREY,195.77,189.89,,AUDIO,PARLANTES PORTATILES BLUETOOTH,JBL,21.0
JBLFLIP6RED,JBL PARLANTE FLIP 6 RED,195.77,189.89,,AUDIO,PARLANTES PORTATILES BLUETOOTH,JBL,21.0
JBLGO3SQUADAM,JBL PARLANTE GO 3 BLUETOOTH WIRELESS SQUAD,84.0,81.48,,AUDIO,PARLANTES PORTATILES BLUETOOTH,JBL,21.0
NM-BATTLE,NETMAK AURICULAR GAMER PS4 CAMUFLADO - 1 PLUG 3.5 BATTLE,11.97,11.6,,AUDIO,AURICULARES,NETMAK,21.0
NM-INFINITY,NETMAK AURICULAR NOTEBOOK/PS4 GAMER INFINITY,13.98,13.55,,AUDIO,AURICULARES,NETMAK,21.0
NM-SHADOW,NETMAK AURICULAR TERROR SOUND C/MIC,8.92,8.65,,AUDIO,AURICULARES,NETMAK,21.0
NM-VENGER,NETMAK AURICULAR VENGER GAMER LED LIGHTS,14.4,13.96,,AUDIO,AURICULARES,NETMAK,21.0
NM-BUD,NETMAK EARBUDS BT + BASE DE CARGA / BLACK,25.39,24.62,,AUDIO,AURICULARES BLUETOOTH,NETMAK,21.0
NM-MC2,NETMAK MICROFONO PARA PC CON BASE /CONEXION 3.5MM NM-MC2,6.9,6.69,,AUDIO,MICROFONOS,NETMAK,21.0
NM-24SIETE,NETMAK PARLANTE BLUETOOTH KARAOKE 6.5'' NM-24SIETE,42.6,41.32,,AUDIO,PARLANTES BLUETOOTH,NETMAK,21.0
NM-XTASYS,NETMAK PARLANTE BLUETOOTH KARAOKE 8'' C/MIC NM-XTASYS,58.26,56.52,,AUDIO,PARLANTES BLUETOOTH,NETMAK,21.0
NM-FLOW-S,NETMAK PARLANTE FLOW PORTABLE BLUETOOTH 10W  GREY NM-FLOW-S,31.13,30.2,,AUDIO,PARLANTES BLUETOOTH,NETMAK,21.0
NM-FLOW-R,NETMAK PARLANTE FLOW PORTABLE BLUETOOTH 10W  RED NM-FLOW-R,31.13,30.2,,AUDIO,PARLANTES BLUETOOTH,NETMAK,21.0
NM-FLOW,NETMAK PARLANTE FLOW PORTABLE BLUETOOTH 10W BLACK NM-FLOW,31.13,30.2,,AUDIO,PARLANTES BLUETOOTH,NETMAK,21.0
NM-FLOW-B,NETMAK PARLANTE FLOW PORTABLE BLUETOOTH 10W BLUE NM-FLOW-B,29.46,28.58,,AUDIO,PARLANTES BLUETOOTH,NETMAK,21.0
NM-9025B,NETMAK PARLANTE POTENCIADO USB 2.0 BLUE  NM-9025B,11.36,11.02,,AUDIO,PARLANTES,NETMAK,21.0
NM-9025R,NETMAK PARLANTE POTENCIADO USB 2.0 RED NM-9025R,11.36,11.02,,AUDIO,PARLANTES,NETMAK,21.0
NM-UP-N,NETMAK PARLANTE UP PORTABLE BLUETOOTH BLUE NM-UP-B,33.06,32.07,,AUDIO,PARLANTES BLUETOOTH,NETMAK,21.0
NM-UP-B ,NETMAK PARLANTE UP PORTABLE BLUETOOTH GRIS NM-UP-B ,33.06,32.07,,AUDIO,PARLANTES BLUETOOTH,NETMAK,21.0
GA00439-US SF/LA,GOOGLE CHROMECAST 3 SMART TV HDMI USB (SIN FUENTE),87.32,84.7,83.98,AUDIO/VIDEO,CONVERTIDORES SMART,GOOGLE,21.0
GA01919-US SF,GOOGLE CHROMECAST 4K /GOOGLE TV/SNOW (SIN FUENTE),140.48,136.27,121.1,AUDIO/VIDEO,CONVERTIDORES SMART,GOOGLE,21.0
GA03131-US,GOOGLE CHROMECAST HD +  GOOGLE TV (SIN FUENTE),111.44,108.1,105.22,AUDIO/VIDEO,CONVERTIDORES SMART,GOOGLE,21.0
CONECTOR_LPT,CABLE CONECTOR PUERTO PARALELO /  LPT,2.61,2.53,,CABLES Y ADAPTADORES,CABLES Y ADAPTADORES VARIOS,GENERAL,21.0
5060012,CABLE PC-INTERLOCK 220V,2.67,2.6,,CABLES Y ADAPTADORES,CABLES DE CORRIENTE,GENERAL,21.0
POWER IRAM,CABLE POWER PLUG INTERLOCK IRAM (FUENTE PC),2.67,2.59,,CABLES Y ADAPTADORES,CABLES DE CORRIENTE,E VIEW,21.0
5060014,CABLE SERIAL ATA 0.5M,0.94,0.94,,CABLES Y ADAPTADORES,CABLES Y ADAPTADORES VARIOS,GENERAL,21.0
USB-10,CABLE USB A TIPO C/MICRO USB/IPHONE/ 3 EN 1 BLACK USB-10,14.91,14.46,,CABLES Y ADAPTADORES,CABLES USB,E-View,21.0
HDMI-M_H,E-VIEW ADAPTADOR HDMI M/H NEGRO,1.29,1.26,,CABLES Y ADAPTADORES,CABLES Y ADAPTADORES VARIOS,E-View,21.0
NM-C95,NETMAK ADAPT. ACTIVO DVI-D 24+1 (M) A VGA (H) NM-C95,10.55,10.24,,CABLES Y ADAPTADORES,CABLES Y ADAPTADORES VARIOS,NETMAK,21.0
NM-TYPE,NETMAK ADAPTADOR TIPO C (M) / (HDMI+USB 3.0+USB TIPO C),22.03,21.37,,CABLES Y ADAPTADORES,CABLES USB,NETMAK,21.0
NM-UC,NETMAK ADAPTADOR USB2.0 (M) A TIPO C (H) NM-UC,4.38,4.25,,CABLES Y ADAPTADORES,CABLES USB,NETMAK,21.0
NM-C25 1.5,NETMAK CABLE AUDIO 3.5MM A 2 RCA 1.5M NM-C25 1.5,1.6,1.55,,CABLES Y ADAPTADORES,CABLES AUDIO,NETMAK,21.0
NM-C66B,NETMAK CABLE AUXILIAR 3.5MM A 3.5 MM REF. 1M AZUL NM-C66B,1.36,1.32,,CABLES Y ADAPTADORES,CABLES AUDIO,NETMAK,21.0
NM-C66,NETMAK CABLE AUXILIAR 3.5MM A 3.5 MM REF. 1M BLACK NM-C66,1.36,1.32,,CABLES Y ADAPTADORES,CABLES AUDIO,NETMAK,21.0
NM-C66G,NETMAK CABLE AUXILIAR 3.5MM A 3.5 MM REF. 1M GREEN NM-C66G,1.36,1.32,,CABLES Y ADAPTADORES,CABLES AUDIO,NETMAK,21.0
NM-C66R,NETMAK CABLE AUXILIAR 3.5MM A 3.5 MM REF. 1M RED NM-C66R,1.36,1.32,,CABLES Y ADAPTADORES,CABLES AUDIO,NETMAK,21.0
NM-C47,NETMAK CABLE HDMI M/M V1.4 1.5M NM-C47,3.97,3.86,,CABLES Y ADAPTADORES,CABLES HDMI,NETMAK,21.0
NM-C70,NETMAK CABLE USB A MICRO USB 1.5M NM-C70,2.19,2.13,,CABLES Y ADAPTADORES,CABLES Y ADAPTADORES VARIOS,NETMAK,21.0
NM-117B,"NETMAK CABLE USB A MICRO USB 2A 1,2M STRONG SERIES  AZUL NM-117B",3.59,3.48,,CABLES Y ADAPTADORES,CABLES USB,NETMAK,21.0
NM-117S ,"NETMAK CABLE USB A MICRO USB 2A 1,2M STRONG SERIES PLATEADO NM-117S ",3.65,3.55,,CABLES Y ADAPTADORES,CABLES USB,NETMAK,21.0
NM-117R,"NETMAK CABLE USB A MICRO USB 2A 1,2M STRONG SERIES ROJO NM-117R",3.59,3.48,,CABLES Y ADAPTADORES,CABLES USB,NETMAK,21.0
NM-115,NETMAK CABLE USB A MICRO USB 2A 1M MAGIC SERIES NM-115,4.14,4.02,,CABLES Y ADAPTADORES,CABLES USB,NETMAK,21.0
NM-112,"NETMAK CABLE USB A TIPO C 2A 1,2M GAME CABLE NM-112",4.46,4.33,,CABLES Y ADAPTADORES,CABLES USB,NETMAK,21.0
NM-C09 1.8,NETMAK CABLE USB ALARGUE 1.8M NM-C09 1.8,3.19,3.1,,CABLES Y ADAPTADORES,CABLES USB,NETMAK,21.0
NM-C03 1.8,NETMAK CABLE USB IMPRESORA A/B 1.8 NM-C03 1.8,2.12,2.06,,CABLES Y ADAPTADORES,CABLES USB,NETMAK,21.0
NM-UTP2,NETMAK CABLE UTP CAT5E EXTERIOR DOBLE VAINA 100M NM-UTP2,61.53,59.69,,CABLES Y ADAPTADORES,CABLES Y CONECTORES UTP - RED,NETMAK,21.0
NM-UTP,NETMAK CABLE UTP CAT5E INTERIOR 100M NM-UTP,41.14,39.91,,CABLES Y ADAPTADORES,CABLES Y CONECTORES UTP - RED,NETMAK,21.0
NM-C18,NETMAK CABLE VGA M/M 1.5M NM-C18,3.58,3.47,,CABLES Y ADAPTADORES,CABLES VGA,NETMAK,21.0
NM-C18 20,NETMAK CABLE VGA M/M 20M NM-C18 20,30.98,30.04,,CABLES Y ADAPTADORES,CABLES VGA,NETMAK,21.0
NM-C106 ,NETMAK CONVERSOR TIPO-C A DISPLAY PORT (H) NM-C106 ,18.67,18.11,,CABLES Y ADAPTADORES,CABLES USB,NETMAK,21.0
NM-CARRY2,"NETMAK ENCLOSURE 2.5"" SATA USB 2.0 NM-CARRY2",12.76,12.38,,CABLES Y ADAPTADORES,VARIOS,NETMAK,10.5
NM-TC40 ,NETMAK HUB TIPO C (M) A 3 PUERTOS USB 2.0 + RJ45 / NM-TC40 ,18.67,18.11,,CABLES Y ADAPTADORES,CABLES USB,NETMAK,21.0
NM-AC08,NETMAK HUB USB 2.0 4 PUERTO CON SWITCH NM-AC08,5.49,5.33,,CABLES Y ADAPTADORES,CABLES USB,NETMAK,10.5
NM-GR10CC,NETMAK JERINGA GRASA DISIP. TERM.X 10 CC NM-GR10CC,6.4,6.21,,CABLES Y ADAPTADORES,VARIOS,NETMAK,21.0
NM-LD4,NETMAK LUZ RECARGABLE DELANTERA PARA BICICLETA NM-LD4,9.86,9.56,,CABLES Y ADAPTADORES,VARIOS,NETMAK,21.0
NM-LD5,NETMAK LUZ RECARGABLE TRASERA PARA BICICLETA NM-LD4,9.14,8.86,,CABLES Y ADAPTADORES,VARIOS,NETMAK,21.0
1041115,SBNT CABLE FIREWIRE 6 FEET SBT-CF64,0.32,0.32,,CABLES Y ADAPTADORES,CABLES AUDIO,SABRENT,10.5
MW300RE,MERCUSYS WIFI EXTENDER 3-ANTENA MW300RE,45.74,44.37,,CONECTIVIDAD,ROUTER INALAMBRICO,MERCUSYS,10.5
MW305R,MERCUSYS WI-FI ROUTER 300 MW305R /3 ANTENAS,35.67,34.6,,CONECTIVIDAD,ROUTER INALAMBRICO,MERCUSYS,10.5
MW325R,MERCUSYS WI-FI ROUTER 300 MW325R /4 ANTENAS,39.27,38.09,,CONECTIVIDAD,ROUTER INALAMBRICO,MERCUSYS,10.5
MW302R,MERCUSYS WI-FI ROUTER MULTI-MODE 300 MW302R /2 ANTENAS,30.82,29.89,,CONECTIVIDAD,ROUTER INALAMBRICO,MERCUSYS,10.5
UE200,TP-LINK ADAPTADOR DE RED USB 2.0 A ETHERNET UE200 ,28.17,27.33,,CONECTIVIDAD,RED NETWORK,TP-LINK,10.5
UE306,TP-LINK ADAPTADOR DE RED USB 3.0 A ETHERNET RJ45 UE306,39.37,38.2,,CONECTIVIDAD,RED NETWORK,TP-LINK,21.0
TL-DECOX50-2,TP-LINK DECO X50 MESH WIFI AX3000 (PACK 2),645.28,625.93,,CONECTIVIDAD,ACCESS POINT,TP-LINK,10.5
TL-ARCHERT3U,TP-LINK P.RED WIRELESS AC1300 USB 3.0,42.94,41.65,,CONECTIVIDAD,ROUTER INALAMBRICO,TP-LINK,10.5
TG-3468,TP-LINK PLACA RED GIGA PCIE TG-3468,29.15,28.28,,CONECTIVIDAD,RED NETWORK,TP-LINK,10.5
ARCHER T2U Nano,TP-LINK PLACA RED USB ARCHER AC600 NANO T2U,45.4,44.04,,CONECTIVIDAD,ADAPTADORES USB INALAMBRICOS,TP-LINK,10.5
ARCHER T2U,TP-LINK PLACA RED USB ARCHER AC600 T2U,51.62,50.07,,CONECTIVIDAD,ADAPTADORES USB INALAMBRICOS,TP-LINK,10.5
TL-SF1005D,TP-LINK SWITCH 5-P 10/100 TL-SF1005D,25.92,25.15,,CONECTIVIDAD,RED NETWORK,TP-LINK,10.5
TL-SG1005D,TP-LINK SWITCH 5P GIGABIT DESK TL-SG1005D,50.26,48.75,,CONECTIVIDAD,RED NETWORK,TP-LINK,10.5
TL-SF1008D,TP-LINK SWITCH 8-P 10/100 TL-SF1008D,36.4,35.3,,CONECTIVIDAD,RED NETWORK,TP-LINK,10.5
TL-SG108,TP-LINK SWITCH 8-P GIGABIT TL-SG108,78.0,75.66,,CONECTIVIDAD,RED NETWORK,TP-LINK,10.5
TP-RE200,TP-LINK WIFI EXTENDER 2.4 Y 5GHZ TP-RE200,62.64,60.76,,CONECTIVIDAD,ACCESS POINT,TP-LINK,10.5
TL-WA850RE,TP-LINK WIFI EXTENDER 300 TL-WA850RE,54.41,52.77,,CONECTIVIDAD,ACCESS POINT,TP-LINK,10.5
CPE210,TP-LINK WIFI OUTDOOR CPE210 300MBPS 9DBI,154.85,150.21,,CONECTIVIDAD,ACCESS POINT,TP-LINK,10.5
CPE510,TP-LINK WIFI OUTDOOR CPE510 300MBPS 5GHZ,148.09,143.65,,CONECTIVIDAD,ACCESS POINT,TP-LINK,10.5
TL-WN781ND,TP-LINK WIFI PCIE 150 N TL-WN781ND,36.31,35.23,,CONECTIVIDAD,PLACAS PCI INALAMBRICAS,TP-LINK,10.5
TL-WN881ND,TP-LINK WIFI PCIE 300 N TL-WN881ND,42.09,40.83,,CONECTIVIDAD,PLACAS PCI INALAMBRICAS,TP-LINK,10.5
TL-WR820N,TP-LINK WIFI ROUTER 300 N TL-WR820N,49.43,47.95,,CONECTIVIDAD,ROUTER INALAMBRICO,TP-LINK,10.5
TL-WR841HP,TP-LINK WIFI ROUTER 300 N TL-WR841HP,111.49,108.16,,CONECTIVIDAD,ROUTER INALAMBRICO,TP-LINK,10.5
TL-WR850N,TP-LINK WIFI ROUTER 300M P/ISP  TL-WR850N,50.89,49.36,,CONECTIVIDAD,ROUTER INALAMBRICO,TP-LINK,10.5
TL-WR940N,TP-LINK WIFI ROUTER 450 N TL-WR940N,60.09,58.29,,CONECTIVIDAD,ROUTER INALAMBRICO,TP-LINK,10.5
TL-WN722N,TP-LINK WIFI USB 150 N 1-ANT TL-WN722N,31.26,30.32,,CONECTIVIDAD,ADAPTADORES USB INALAMBRICOS,TP-LINK,10.5
TL-WN822N,TP-LINK WIFI USB 300 N 2-ANT TL-WN822N,37.91,36.77,,CONECTIVIDAD,ADAPTADORES USB INALAMBRICOS,TP-LINK,10.5
TL-WN821N,TP-LINK WIFI USB 300 N WN821N,31.85,30.9,,CONECTIVIDAD,ADAPTADORES USB INALAMBRICOS,TP-LINK,10.5
TL-WN823N,TP-LINK WIFI USB MINI 300 N WN823N,33.01,32.01,,CONECTIVIDAD,ADAPTADORES USB INALAMBRICOS,TP-LINK,10.5
TL-WN725N,TP-LINK WIFI USB NANO 150 N TL-WN725N,25.83,25.06,,CONECTIVIDAD,ADAPTADORES USB INALAMBRICOS,TP-LINK,10.5
GAB-MF3301,GABINETE E-VIEW KIT-MF3301 600W (TEC+MOU)  (COMPONENTES),79.91,77.52,,GABINETES PARA PC / FUENTES,GABINETES CON KIT,GENERAL,10.5
GAB-MF609,GABINETE E-VIEW KIT-MF609 600W (TEC+MOU)  (COMPONENTES),79.91,77.52,,GABINETES PARA PC / FUENTES,GABINETES CON KIT,GENERAL,10.5
GAB-S609,GABINETE E-VIEW S609 600W  (COMPONENTES),71.8,69.65,,GABINETES PARA PC / FUENTES,GABINETES CON KIT,GENERAL,10.5
GAB-K1-650,GABINETE GAMING E-VIEW KIT-K1 RGB  650W 80+  (TEC+MOU+CAM+COOLER),163.15,158.26,,GABINETES PARA PC / FUENTES,GABINETES CON KIT,GENERAL,10.5
GAB-K2-750,GABINETE GAMING E-VIEW KIT-K2 RGB 750W 80+ (TEC+MOU+CAM+COOLERX4),204.17,198.05,,GABINETES PARA PC / FUENTES,GABINETES CON KIT,GENERAL,10.5
CM-5908,GABINETE KIT-CM-5908 500W (TEC+MOU) (EQUIPO),79.75,77.35,,GABINETES PARA PC / FUENTES,GABINETES CON KIT,GENERAL,10.5
LC728-12,GABINETE KIT-LC728-12 500W (TEC+MOU),95.41,92.55,,GABINETES PARA PC / FUENTES,GABINETES CON KIT,GENERAL,10.5
YD3200C5FHBOX,CPU AMD RYZEN 3 3200G  SOCKET AM4 (BOX)                       *PROMO EN KIT O PC,239.22,232.05,216.29,HARDWARE,MICROPROCESADORES,AMD,10.5
100-100000147BOX,CPU AMD RYZEN 5 4600G 6 CORE 4.2GHZ AM4 (BOX)          *PROMO EN KIT O PC,262.01,254.15,246.53,HARDWARE,MICROPROCESADORES,AMD,10.5
100-100000252BOX,CPU AMD RYZEN 5 5600G 6 CORE 3.9GHZ AM4 (BOX)          *PROMO EN KIT O PC,364.53,353.6,341.7,HARDWARE,MICROPROCESADORES,AMD,10.5
100-100000263BOX,CPU AMD RYZEN 7 5700G  AM4                                                     *PROMO EN KIT O PC,512.6,497.25,475.15,HARDWARE,MICROPROCESADORES,AMD,10.5
100-100000061,CPU AMD RYZEN 9 5900X AM4 (SIN COOLER)                          *PROMO EN KIT O PC,956.89,928.2,884.0,HARDWARE,MICROPROCESADORES,AMD,10.5
BX80701G5905,CPU INTEL CELERON G5905 3.50GHZ S1200,88.85,86.19,,HARDWARE,MICROPROCESADORES,INTEL,10.5
BX8070110100,CPU INTEL CORE I3-10100 3.60GHZ 1200 ,272.28,264.12,,HARDWARE,MICROPROCESADORES,INTEL,10.5
BX8070110100F,CPU INTEL CORE I3-10100F 3.60GHZ S/VIDEO S1200,141.25,137.02,,HARDWARE,MICROPROCESADORES,INTEL,10.5
BX8070110105,CPU INTEL CORE I3-10105 3.70GHZ S1200,274.54,266.31,,HARDWARE,MICROPROCESADORES,INTEL,10.5
BX8071512100,CPU INTEL CORE I3-12100 4.30GHZ S1700,306.47,297.27,,HARDWARE,MICROPROCESADORES,INTEL,10.5
BX8070811400,CPU INTEL CORE I5-11400 2.60GHZ S1200,431.05,418.11,,HARDWARE,MICROPROCESADORES,INTEL,10.5
BX8071512700,CPU INTEL CORE I7-12700 3.6GHZ S1700 (BOX) ,1008.16,977.89,,HARDWARE,MICROPROCESADORES,INTEL,10.5
BX8071512900,CPU INTEL CORE I9-12900 S1700,1480.87,1436.5,,HARDWARE,MICROPROCESADORES,INTEL,10.5
80662G4400MPK,CPU INTEL PENTIUM DC G4400 3.3 GHZ S1151 (TRAY+COOLER),82.01,79.56,,HARDWARE,MICROPROCESADORES,INTEL,10.5
BX80701G6400,CPU INTEL PENTIUM GOLD G6400 4.00GHZ 1200 ,133.34,129.34,,HARDWARE,MICROPROCESADORES,INTEL,10.5
BX80701G6405,CPU INTEL PENTIUM GOLD G6405 4.10GHZ S1200 ,139.01,134.84,,HARDWARE,MICROPROCESADORES,INTEL,10.5
BX80715G7400,CPU INTEL PENTIUM GOLD G7400 S1700,159.78,154.99,,HARDWARE,MICROPROCESADORES,INTEL,10.5
MD4GSD31600BL,DDR3 4 GB 1600MHZ UDIMM PNY,37.09,35.99,,HARDWARE,MEMORIAS PARA COMPUTADORAS,PNY,10.5
MD8GSD31600BL,DDR3 8 GB 1600MHZ UDIMM PNY,49.6,46.6,,HARDWARE,MEMORIAS PARA COMPUTADORAS,PNY,10.5
KF432C16BB/16,DDR4 16 GB 3200MHZ FURY BEAST BLK KINGSTON,110.15,106.84,101.66,HARDWARE,MEMORIAS PARA COMPUTADORAS,KINGSTON,10.5
KF432C16BBA/16,DDR4 16 GB 3200MHZ FURY BEAST RGB KINGSTON,114.25,110.83,105.55,HARDWARE,MEMORIAS PARA COMPUTADORAS,KINGSTON,10.5
KVR32N22S8/16,DDR4 16 GB 3200MHZ KINGSTON 1RX8,96.88,93.97,88.4,HARDWARE,MEMORIAS PARA COMPUTADORAS,KINGSTON,10.5
MD16GSD4320016-TB,DDR4 16 GB 3200MHZ PNY LONGDIMM RETAIL,80.15,77.74,71.83,HARDWARE,MEMORIAS PARA COMPUTADORAS,PNY,10.5
MD16GD4320016LP,DDR4 16 GB 3200MHZ PNY XLR8 GAMING LOW PROFILE ,97.57,94.64,90.13,HARDWARE,MEMORIAS PARA COMPUTADORAS,PNY,10.5
MD16GD4320016XR,DDR4 16 GB 3200MHZ PNY XLR8 GAMING RETAIL,97.14,94.29,89.54,HARDWARE,MEMORIAS PARA COMPUTADORAS,PNY,10.5
MN16GSD43200XR-RB,DDR4 16 GB 3200MHZ SODIMM GAMING PNY,93.33,90.53,89.76,HARDWARE,MEMORIAS PARA NOTEBOOK,PNY,10.5
MD32GSD43200-TB,DDR4 32 GB 3200MHZ  UDIMM PNY,159.97,155.18,,HARDWARE,MEMORIAS PARA COMPUTADORAS,PNY,10.5
KVR32N22D8/32,DDR4 32 GB 3200MHZ CL22 KINGSTON,199.72,193.72,179.01,HARDWARE,MEMORIAS PARA COMPUTADORAS,KINGSTON,10.5
MD4GSD42666-TB,DDR4 4 GB 2666MHZ PNY UDIMM 1.2V,22.78,22.1,21.91,HARDWARE,MEMORIAS PARA COMPUTADORAS,PNY,10.5
MD4GSD42666BL,DDR4 4 GB 2666MHZ PNY UDIMM 1.2V,22.78,22.1,21.91,HARDWARE,MEMORIAS PARA COMPUTADORAS,PNY,10.5
MN4GSD42666TB,DDR4 4 GB 2666MHZ SODIMM PNY,33.84,32.82,32.54,HARDWARE,MEMORIAS PARA NOTEBOOK,PNY,10.5
KVR32N22S6/8,DDR4 8 GB 3200MHZ CL22 KINGSTON,57.16,55.45,49.73,HARDWARE,MEMORIAS PARA COMPUTADORAS,KINGSTON,10.5
KF432C16BB/8,DDR4 8 GB 3200MHZ FURY BEAST BLK KINGSTON,59.31,57.53,,HARDWARE,MEMORIAS PARA COMPUTADORAS,KINGSTON,10.5
KF432C16BBA/8,DDR4 8 GB 3200MHZ FURY BEAST RGB KINGSTON,64.29,62.36,,HARDWARE,MEMORIAS PARA COMPUTADORAS,KINGSTON,10.5
MD8GD4320016XR,DDR4 8 GB 3200MHZ PNY GAMING RETAIL,51.26,49.73,45.49,HARDWARE,MEMORIAS PARA COMPUTADORAS,PNY,10.5
MD8GD4320016XRGB,DDR4 8 GB 3200MHZ PNY GAMING RETAIL XLR8 RGB,54.68,53.04,49.73,HARDWARE,MEMORIAS PARA COMPUTADORAS,PNY,10.5
MD8GSD4320016-TB,DDR4 8 GB 3200MHZ PNY RETAIL 1.35V,43.28,41.98,35.36,HARDWARE,MEMORIAS PARA COMPUTADORAS,PNY,10.5
MD8GSD4320016/TB,DDR4 8 GB 3200MHZ PNY RETAIL 1.35V,43.28,41.98,35.36,HARDWARE,MEMORIAS PARA COMPUTADORAS,PNY,10.5
KVR32S22S8/8,DDR4 8 GB 3200MHZ SODIMM KINGSTON,74.05,71.83,54.15,HARDWARE,MEMORIAS PARA NOTEBOOK,KINGSTON,10.5
KVR32S22S6/8,DDR4 8 GB 3200MHZ SODIMM KINGSTON,74.05,71.83,54.15,HARDWARE,MEMORIAS PARA NOTEBOOK,KINGSTON,10.5
AX4U320088G16A-SB10,DDR4 8 GB 3200MHZ XPG GAMMIX D10 BLACK,55.92,54.24,,HARDWARE,MEMORIAS PARA COMPUTADORAS,XPG,10.5
X4U320008G16A-CBK20,DDR4 8 GB 3200MHZ XPG GAMMIX D10 BLACK ADATA,55.86,54.18,,HARDWARE,MEMORIAS PARA COMPUTADORAS,XPG,10.5
WD10PURZ,DISCO RIGIDO 1 TB SATA III PURPLE WD,98.37,95.42,,HARDWARE,DISCOS INTERNOS,WESTER DIGITAL,10.5
WD22PURZ,DISCO RIGIDO 2 TB SATA III PURPLE WD,119.61,116.03,,HARDWARE,DISCOS INTERNOS,WESTER DIGITAL,10.5
WD42PURZ,DISCO RIGIDO 4 TB SATA III PURPLE WD,199.41,193.43,,HARDWARE,DISCOS INTERNOS,WESTER DIGITAL,10.5
WD63PURZ,DISCO RIGIDO 6 TB SATA III PURPLE WD,273.41,265.2,,HARDWARE,DISCOS INTERNOS,WESTER DIGITAL,10.5
WD82PURZ,DISCO RIGIDO 8 TB SATA III PURPLE WD,374.79,363.55,,HARDWARE,DISCOS INTERNOS,WESTER DIGITAL,10.5
ST8000VE000,DISCO RIGIDO 8 TB SATA III SEAGATE SKYHAWK SURVEILLANCE,341.75,331.5,,HARDWARE,DISCOS INTERNOS,SEAGATE,10.5
HDWG180XZSTA,DISCO RIGIDO 8 TB SATA III TOSHIBA N300 NAS,337.18,327.08,,HARDWARE,DISCOS INTERNOS,TOSHIBA,10.5
ASU650SS-120GT-R,"DISCO SSD 120GB SATA III 2.5"" ADATA SU650",28.48,27.63,,HARDWARE,DISCOS INTERNOS SSD,A-DATA,10.5
M280CS1031-1TB-CL,DISCO SSD 1TB M.2 NVME PNY CS1031,102.52,99.45,96.14,HARDWARE,DISCOS INTERNOS SSD,PNY,10.5
SNV2S-1000G.,DISCO SSD 1TB NV2 SNVS SERIE-PCIe NVME M.2 KINGSTON,135.16,131.11,124.87,HARDWARE,DISCOS INTERNOS SSD,KINGSTON,10.5
SNV2S-1000G,DISCO SSD 1TB NV2 SNVS SERIE-PCIe NVME M.2 KINGSTON,135.16,131.11,124.86,HARDWARE,DISCOS INTERNOS SSD,KINGSTON,10.5
SSD7CS900-1TB-RB,"DISCO SSD 1TB SATA III 2.5"" PNY CS900",96.83,93.93,88.4,HARDWARE,DISCOS INTERNOS SSD,GENERAL,10.5
SA400S37-240G,"DISCO SSD 240GB SATA III 2.5"" A400 KINGSTON",47.85,46.41,43.1,HARDWARE,DISCOS INTERNOS SSD,KINGSTON,10.5
ASU650SS-240GT-R,"DISCO SSD 240GB SATA III 2.5"" ADATA SU650",39.87,38.68,31.33,HARDWARE,DISCOS INTERNOS SSD,A-DATA,10.5
SNV2S-250G,DISCO SSD 250GB NV2 SNVS SERIE-PCIe NVME M.2 KINGSTON,61.51,59.67,55.25,HARDWARE,DISCOS INTERNOS SSD,KINGSTON,10.5
SSD7CS900-250-RB,"DISCO SSD 250GB SATA III 2.5"" PNY CS900",33.77,32.76,30.25,HARDWARE,DISCOS INTERNOS SSD,GENERAL,10.5
SA400S37-480G,"DISCO SSD 480GB SATA III 2.5"" A400 KINGSTON",66.11,64.13,62.83,HARDWARE,DISCOS INTERNOS SSD,KINGSTON,10.5
SNV2S-500G,DISCO SSD 500GB NV2 SNVS SERIE-PCIe NVME M.2 KINGSTON,84.55,82.01,,HARDWARE,DISCOS INTERNOS SSD,KINGSTON,10.5
SSD7CS900-500-RB,"DISCO SSD 500GB SATA III 2.5"" PNY CS900",54.72,53.08,47.64,HARDWARE,DISCOS INTERNOS SSD,GENERAL,10.5
070384,DISCO SSD 512GB M.2 SATA III VI560 VERBATIM,67.21,65.2,60.78,HARDWARE,DISCOS INTERNOS SSD,VERBATIM,10.5
SA400S37-960G,"DISCO SSD 960GB SATA III 2.5"" A400 KINGSTON",127.58,123.76,109.58,HARDWARE,DISCOS INTERNOS SSD,KINGSTON,10.5
KIT Q270 + CPU DC G4400,KIT ASROCK Q270 PRO BTC+ / CPU PENTIUM DC G4400,326.63,316.84,,HARDWARE,MOTHERBOARD,ASROCK,10.5
90-MXBE50-A0UAYZ,MOTHER ASROCK A520M-HDV  AM4 H/D/V M.2,140.27,136.06,,HARDWARE,MOTHERBOARD,MSI,10.5
90-MXBLC0-A0UAYZ,MOTHER ASROCK B560M-HDV R3.0 1200 H/D/V ,169.58,164.49,,HARDWARE,MOTHERBOARD,MSI,10.5
90-MXBH40-A0UAYZ,MOTHER ASROCK B660M-HDV 1700 H/DP/V M.2,210.79,204.47,,HARDWARE,MOTHERBOARD,MSI,10.5
H510M-HDV R2.0,MOTHER ASROCK H510M-HDV R2.0 1200 V/H/D,158.94,154.17,,HARDWARE,MOTHERBOARD,ASROCK,10.5
ASR-90-MXBHMO-AOUAYZ,MOTHER ASROCK Q270 PRO BTC+ MINING BOARD 1151,244.61,237.28,,HARDWARE,MOTHERBOARD,ASROCK,10.5
1034014,MOTHER ECS NFORCE 570 SLIT-A LGA775,29.84,27.63,,HARDWARE,MOTHERBOARD,ECS,10.5
911-7D22-074,MOTHER MSI B560M PRO-E H/V 1200 M.2,180.47,175.05,,HARDWARE,MOTHERBOARD,MSI,10.5
911-7D45-017,MOTHER MSI PRO B660M-G 1700 H/DP/V M.2,252.82,245.24,,HARDWARE,MOTHERBOARD,MSI,10.5
911-7D45-005,MOTHER MSI PRO B660M-G 1700 H/DP/V M.2,252.82,245.24,,HARDWARE,MOTHERBOARD,MSI,10.5
911-7D46-020/23/30,MOTHER MSI PRO H610M-G 1700 H/DP/V M.2,170.88,165.75,,HARDWARE,MOTHERBOARD,MSI,10.5
AFRX580-8192D5H7-V2,PLACA AFOX RADEON RX580  8GB 2048SP GDDR5 /BULK,284.8,276.25,,HARDWARE,PLACAS DE VIDEO,AFOX,10.5
90-GA31ZZ-00UANH,PLACA ASROCK RADEON RX6700XT CHALLENGER D 12GB OC GDDR6,824.02,799.3,761.23,HARDWARE,PLACAS DE VIDEO,MSI,10.5
GV-N3070AORUS M-8GD,PLACA GIGABYTE AORUS GEFORCE RTX 3070 MASTER 8GB DDR6 (OUTLET),843.17,817.87,,HARDWARE,PLACAS DE VIDEO,GIGABYTE,10.5
GV-N3070GAMING OC-8GD,PLACA GIGABYTE GEFORCE RTX 3070 GAMING OC 8GB DDR6 (OUTLET),820.31,795.6,788.95,HARDWARE,PLACAS DE VIDEO,GIGABYTE,10.5
GV-N308TGAMING OC-12GD,PLACA GIGABYTE GEFORCE RTX 3080 TI GAMING OC 12G,1495.3,1450.31,1381.25,HARDWARE,PLACAS DE VIDEO,GIGABYTE,10.5
GV-N3070VISION-OC,PLACA GIGABYTE VISION GEFORCE RTX 3070 8GB DDR6 (OUTLET),831.66,806.65,,HARDWARE,PLACAS DE VIDEO,GIGABYTE,10.5
912-V809-2826,PLACA MSI GEFORCE GT 1030 2GB LP OC DDR4 /HDMI/DP,205.05,198.9,,HARDWARE,PLACAS DE VIDEO,MSI,10.5
912-V809-3257,PLACA MSI GEFORCE GT 710 1GB 1GD3H LPV1,127.2,123.38,,HARDWARE,PLACAS DE VIDEO,MSI,10.5
912-V809-3860,PLACA MSI GEFORCE GT730 2GB DDR3  ,155.29,150.62,,HARDWARE,PLACAS DE VIDEO,PNY,10.5
912-V809-4205,PLACA MSI GEFORCE GTX 1630 AERO ITX 4GB OC,430.62,417.69,397.8,HARDWARE,PLACAS DE VIDEO,MSI,10.5
912-V809-4204,PLACA MSI GEFORCE GTX 1630 VENTUS XS 4GB GDDR6,511.52,497.25,,HARDWARE,PLACAS DE VIDEO,MSI,10.5
912-V809-3616,PLACA MSI GEFORCE GTX 1650 VENTUS XS 4GB OC,558.2,541.45,519.35,HARDWARE,PLACAS DE VIDEO,MSI,10.5
912-V809-3060,PLACA MSI GEFORCE GTX 1650 VENTUS XS 4GB OC,558.19,541.45,519.35,HARDWARE,PLACAS DE VIDEO,MSI,10.5
912-V375-279,PLACA MSI GEFORCE GTX 1660 SUPER VENTUS XS OC 6GB GDDR6 ,679.98,659.6,552.5,HARDWARE,PLACAS DE VIDEO,MSI,10.5
912-V397-423,PLACA MSI GEFORCE RTX 3050 GAMING X DDR6 8GB,741.56,719.36,685.1,HARDWARE,PLACAS DE VIDEO,MSI,10.5
912-V377-664,PLACA MSI GEFORCE RTX 3060 VENTUS 2X OC 12GB GDDR6,1335.55,1297.27,795.61,HARDWARE,PLACAS DE VIDEO,MSI,10.5
912-V505-009,PLACA MSI GEFORCE RTX 3070 TI GAMING  X TRIO 8GB DDR6,1273.83,1235.67,1116.33,HARDWARE,PLACAS DE VIDEO,MSI,10.5
912-V505-007,PLACA MSI GEFORCE RTX 3070 TI VENTUS 3X OC 8G DDR6,1381.0,1339.59,1014.84,HARDWARE,PLACAS DE VIDEO,MSI,10.5
912-V513-001,PLACA MSI GEFORCE RTX 4070 TI VENTUS 3X 12GB OC,2073.27,1579.49,1504.28,HARDWARE,PLACAS DE VIDEO,MSI,10.5
912-V809-4065,PLACA MSI GT 1030 2GB LP OC DDR4,215.29,208.85,198.9,HARDWARE,PLACAS DE VIDEO,MSI,10.5
912-V809-2024,PLACA MSI GT 710 2GB DDR3 2GD3 LP,127.21,123.38,,HARDWARE,PLACAS DE VIDEO,MSI,10.5
912-V388-011,PLACA MSI RTX 3090 GAMING X TRIO 24G DDR6,2033.41,1972.43,1878.5,HARDWARE,PLACAS DE VIDEO,MSI,10.5
VCG7302D3SFPPB,PLACA PNY GEFORCE GT730 2GB DDR3,142.39,138.13,,HARDWARE,PLACAS DE VIDEO,PNY,10.5
VCG16504D6DFPPB1,PLACA PNY GEFORCE GTX 1650 DDR6 DUAL FAN,411.91,399.57,,HARDWARE,PLACAS DE VIDEO,PNY,10.5
VCG3050DFXPPB1,PLACA PNY GEFORCE RTX 3050 8GB DUAL FAN,694.64,673.77,,HARDWARE,PLACAS DE VIDEO,PNY,10.5
VCG3061T8LDFBPB1,PLACA PNY GEFORCE RTX 3060 TI 8GB DDR6 DUAL FAN,884.99,858.41,830.12,HARDWARE,PLACAS DE VIDEO,PNY,10.5
GA102-100 - CMP90HXN4KAGZFKTM,PLACA PNY NVIDIA CMP 90HX 10GB GDDR6 BULK (NO DISPLAY),1310.65,1271.25,,HARDWARE,PLACAS DE VIDEO,PNY,10.5
DCP-1617NW,BROTHER IMPRESORA LASER MULTIFUNCION DCP-1617NW,905.58,878.41,,IMPRESORAS,BROTHER,BROTHER,21.0
HP 934 BK XL E-VIEW,CARTUCHO ALTERNATIVO C2P23AL HP 934 BK XL E-VIEW,16.41,15.92,,INSUMOS PARA IMPRESORAS,CARTUCHOS HP ALTERNATIVOS,E VIEW,10.5
HP 02 BK E-VIEW,CARTUCHO ALTERNATIVO C8721WL HP 02 BK E-VIEW,1.9,1.85,,INSUMOS PARA IMPRESORAS,CARTUCHOS HP ALTERNATIVOS,E VIEW,10.5
HP 02 C E-VIEW,CARTUCHO ALTERNATIVO C8771WL HP 02 C E-VIEW,1.79,1.73,,INSUMOS PARA IMPRESORAS,CARTUCHOS HP ALTERNATIVOS,E VIEW,10.5
HP 02 ML E-VIEW,CARTUCHO ALTERNATIVO C8772WL HP 02 ML E-VIEW,1.79,1.73,,INSUMOS PARA IMPRESORAS,CARTUCHOS HP ALTERNATIVOS,E VIEW,10.5
HP 02 Y E-VIEW,CARTUCHO ALTERNATIVO C8773WL HP 02 Y E-VIEW,1.79,1.73,,INSUMOS PARA IMPRESORAS,CARTUCHOS HP ALTERNATIVOS,E VIEW,10.5
HP 02 CYAN LIGHT E-VIEW,CARTUCHO ALTERNATIVO C8774WL HP 02 CYAN LIGHT E-VIEW,1.79,1.73,,INSUMOS PARA IMPRESORAS,CARTUCHOS HP ALTERNATIVOS,E VIEW,10.5
HP 02 MAGENTA LIGHT E-VIEW,CARTUCHO ALTERNATIVO C8775WL HP 02 MAGENTA LIGHT E-VIEW,1.79,1.73,,INSUMOS PARA IMPRESORAS,CARTUCHOS HP ALTERNATIVOS,E VIEW,10.5
HP 564 BK E-VIEW,CARTUCHO ALTERNATIVO CB316WL HP 564 BK E-VIEW,1.97,1.91,,INSUMOS PARA IMPRESORAS,CARTUCHOS HP ALTERNATIVOS,E VIEW,10.5
HP 564 C XL E-VIEW,CARTUCHO ALTERNATIVO CB318WL HP 564 C XL E-VIEW,1.69,1.65,,INSUMOS PARA IMPRESORAS,CARTUCHOS HP ALTERNATIVOS,E VIEW,10.5
HP 564 M XL E-VIEW,CARTUCHO ALTERNATIVO CB319WL HP 564 M XL E-VIEW,1.69,1.65,,INSUMOS PARA IMPRESORAS,CARTUCHOS HP ALTERNATIVOS,E VIEW,10.5
HP 564 Y XL E-VIEW,CARTUCHO ALTERNATIVO CB320WL HP 564 Y XL E-VIEW,1.69,1.65,,INSUMOS PARA IMPRESORAS,CARTUCHOS HP ALTERNATIVOS,E VIEW,10.5
HP 950 BK XL E-VIEW,CARTUCHO ALTERNATIVO CN049AL HP 950 BK XL E-VIEW,3.12,3.03,,INSUMOS PARA IMPRESORAS,CARTUCHOS HP ALTERNATIVOS,E VIEW,10.5
HP 951 C XL E-VIEW,CARTUCHO ALTERNATIVO CN050AL HP 951 C XL E-VIEW,2.85,2.76,,INSUMOS PARA IMPRESORAS,CARTUCHOS HP ALTERNATIVOS,E VIEW,10.5
HP 951 M XL E-VIEW,CARTUCHO ALTERNATIVO CN051AL HP 951 M XL E-VIEW,2.85,2.76,,INSUMOS PARA IMPRESORAS,CARTUCHOS HP ALTERNATIVOS,E VIEW,10.5
HP 951 Y XL E-VIEW,CARTUCHO ALTERNATIVO CN052AL HP 951 Y XL E-VIEW,2.85,2.76,,INSUMOS PARA IMPRESORAS,CARTUCHOS HP ALTERNATIVOS,E VIEW,10.5
HP 932 BK XL E-VIEW,CARTUCHO ALTERNATIVO CN053AL HP 932 BK XL E-VIEW,2.85,2.76,,INSUMOS PARA IMPRESORAS,CARTUCHOS HP ALTERNATIVOS,E VIEW,10.5
HP 933 C XL E-VIEW,CARTUCHO ALTERNATIVO CN054AL HP 933 C XL E-VIEW,2.61,2.53,,INSUMOS PARA IMPRESORAS,CARTUCHOS HP ALTERNATIVOS,E VIEW,10.5
HP 933 Y XL E-VIEW,CARTUCHO ALTERNATIVO CN056AL HP 933 Y XL E-VIEW,2.61,2.53,,INSUMOS PARA IMPRESORAS,CARTUCHOS HP ALTERNATIVOS,E VIEW,10.5
HP 564 BK XL E-VIEW,CARTUCHO ALTERNATIVO CN684WN HP 564 BK XL E-VIEW,1.68,1.62,,INSUMOS PARA IMPRESORAS,CARTUCHOS HP ALTERNATIVOS,E VIEW,10.5
HP 711 BK XL E-VIEW,CARTUCHO ALTERNATIVO CZ129A HP 711 BK XL E-VIEW,4.69,4.54,,INSUMOS PARA IMPRESORAS,CARTUCHOS HP ALTERNATIVOS,E VIEW,10.5
C4840A E-VIEW,CARTUCHO ALTERNATIVO HP C4840A(10BK) E-VIEW,3.38,3.27,,INSUMOS PARA IMPRESORAS,CARTUCHOS HP ALTERNATIVOS,E VIEW,10.5
C4841A E-VIEW,CARTUCHO ALTERNATIVO HP C4841A(10C) E-VIEW ,3.38,3.27,,INSUMOS PARA IMPRESORAS,CARTUCHOS HP ALTERNATIVOS,E VIEW,10.5
C4842A E-VIEW,CARTUCHO ALTERNATIVO HP C4842A(10Y) E-VIEW,3.38,3.27,,INSUMOS PARA IMPRESORAS,CARTUCHOS HP ALTERNATIVOS,E VIEW,10.5
C4843A E-VIEW,CARTUCHO ALTERNATIVO HP C4843A(10M) E-VIEW,3.38,3.27,,INSUMOS PARA IMPRESORAS,CARTUCHOS HP ALTERNATIVOS,E VIEW,10.5
KODAK 10B E-VIEW,CARTUCHO ALTERNATIVO KODAK 10B E-VIEW,1.38,1.82,,INSUMOS PARA IMPRESORAS,CARTUCHOS KODAK ALTERNATIVOS,E VIEW,10.5
KODAK 10C E-VIEW,CARTUCHO ALTERNATIVO KODAK 10C E-VIEW,1.88,1.82,,INSUMOS PARA IMPRESORAS,CARTUCHOS KODAK ALTERNATIVOS,E VIEW,10.5
KODAK 30B XL E-VIEW,CARTUCHO ALTERNATIVO KODAK 30B XL KOD1550532 E-VIEW,1.2,1.16,,INSUMOS PARA IMPRESORAS,CARTUCHOS KODAK ALTERNATIVOS,E VIEW,10.5
KODAK 30C XL E-VIEW,CARTUCHO ALTERNATIVO KODAK 30C XL KOD1341080 E-VIEW,1.62,1.58,,INSUMOS PARA IMPRESORAS,CARTUCHOS KODAK ALTERNATIVOS,E VIEW,10.5
GT-T196M,CARTUCHO EPSON ALTERNATIVO GT-T196M GTC,2.44,2.36,,INSUMOS PARA IMPRESORAS,CARTUCHOS EPSON ALTERNATIVOS,GTC,10.5
GT-T296A,CARTUCHO EPSON ALTERNATIVO GT-T296A GTC,5.89,5.71,,INSUMOS PARA IMPRESORAS,CARTUCHOS EPSON ALTERNATIVOS,GTC,10.5
GT-T296C,CARTUCHO EPSON ALTERNATIVO GT-T296C GTC,5.89,5.71,,INSUMOS PARA IMPRESORAS,CARTUCHOS EPSON ALTERNATIVOS,GTC,10.5
GT-T296M,CARTUCHO EPSON ALTERNATIVO GT-T296M GTC,5.89,5.71,,INSUMOS PARA IMPRESORAS,CARTUCHOS EPSON ALTERNATIVOS,GTC,10.5
5001011,CARTUCHO EPSON ALTERNATIVO T013201 (NEG),3.7,3.59,,INSUMOS PARA IMPRESORAS,CARTUCHOS EPSON ALTERNATIVOS,CP,10.5
5001012,CARTUCHO EPSON ALTERNATIVO T014201 (COLOR),3.93,3.82,,INSUMOS PARA IMPRESORAS,CARTUCHOS EPSON ALTERNATIVOS,CP,10.5
5001013,CARTUCHO EPSON ALTERNATIVO T017311 (NEG),3.93,3.82,,INSUMOS PARA IMPRESORAS,CARTUCHOS EPSON ALTERNATIVOS,CP,10.5
T018 E-VIEW,CARTUCHO EPSON ALTERNATIVO T018 E-VIEW,1.99,1.92,,INSUMOS PARA IMPRESORAS,CARTUCHOS EPSON ALTERNATIVOS,E VIEW,10.5
5001014,CARTUCHO EPSON ALTERNATIVO T018311 (COLOR),1.66,1.61,,INSUMOS PARA IMPRESORAS,CARTUCHOS EPSON ALTERNATIVOS,CP,10.5
5001016,CARTUCHO EPSON ALTERNATIVO T019201 (NEG),3.29,3.19,,INSUMOS PARA IMPRESORAS,CARTUCHOS EPSON ALTERNATIVOS,CP,10.5
5001018,CARTUCHO EPSON ALTERNATIVO T020311 (COLOR),2.18,2.11,,INSUMOS PARA IMPRESORAS,CARTUCHOS EPSON ALTERNATIVOS,CP,10.5
5001020,CARTUCHO EPSON ALTERNATIVO T026401 (NEG),2.18,2.11,,INSUMOS PARA IMPRESORAS,CARTUCHOS EPSON ALTERNATIVOS,CP,10.5
5001034,CARTUCHO EPSON ALTERNATIVO T027401 (COLOR),2.18,2.11,,INSUMOS PARA IMPRESORAS,CARTUCHOS EPSON ALTERNATIVOS,CP,10.5
5001032,CARTUCHO EPSON ALTERNATIVO T028201 (NEG),2.18,2.11,,INSUMOS PARA IMPRESORAS,CARTUCHOS EPSON ALTERNATIVOS,CP,10.5
5001021,CARTUCHO EPSON ALTERNATIVO T029201 (COLOR),2.18,2.11,,INSUMOS PARA IMPRESORAS,CARTUCHOS EPSON ALTERNATIVOS,CP,10.5
5001023,CARTUCHO EPSON ALTERNATIVO T037020 (COLOR),2.18,2.11,,INSUMOS PARA IMPRESORAS,CARTUCHOS EPSON ALTERNATIVOS,CP,10.5
5001024,CARTUCHO EPSON ALTERNATIVO T040120 (NEG),2.18,2.11,,INSUMOS PARA IMPRESORAS,CARTUCHOS EPSON ALTERNATIVOS,CP,10.5
5001025,CARTUCHO EPSON ALTERNATIVO T041120 (COLOR),2.18,2.11,,INSUMOS PARA IMPRESORAS,CARTUCHOS EPSON ALTERNATIVOS,CP,10.5
T0461 N E-VIEW,CARTUCHO EPSON ALTERNATIVO T0461 NEGRO E-VIEW,0.98,0.95,,INSUMOS PARA IMPRESORAS,CARTUCHOS EPSON ALTERNATIVOS,E VIEW,10.5
T0472 C E-VIEW,CARTUCHO EPSON ALTERNATIVO T0472 CYAN E-VIEW,0.98,0.95,,INSUMOS PARA IMPRESORAS,CARTUCHOS EPSON ALTERNATIVOS,E VIEW,10.5
T0473 M E-VIEW,CARTUCHO EPSON ALTERNATIVO T0473 MAGENTA E-VIEW,0.98,0.95,,INSUMOS PARA IMPRESORAS,CARTUCHOS EPSON ALTERNATIVOS,E VIEW,10.5
T0474 A E-VIEW,CARTUCHO EPSON ALTERNATIVO T0474 AMARILLO E-VIEW,0.98,0.95,,INSUMOS PARA IMPRESORAS,CARTUCHOS EPSON ALTERNATIVOS,E VIEW,10.5
5001040,CARTUCHO EPSON ALTERNATIVO T048120 (NEG),1.41,1.37,,INSUMOS PARA IMPRESORAS,CARTUCHOS EPSON ALTERNATIVOS,CP,10.5
5001041,CARTUCHO EPSON ALTERNATIVO T048220 (CYAN),1.41,1.37,,INSUMOS PARA IMPRESORAS,CARTUCHOS EPSON ALTERNATIVOS,CP,10.5
5001042,CARTUCHO EPSON ALTERNATIVO T048320 (MAGENTA),1.41,1.37,,INSUMOS PARA IMPRESORAS,CARTUCHOS EPSON ALTERNATIVOS,CP,10.5
999801013,CARTUCHO EPSON ALTERNATIVO T048520 (CYAN CLARO),2.3,2.23,,INSUMOS PARA IMPRESORAS,CARTUCHOS EPSON ALTERNATIVOS,CP,10.5
T0634 A E-VIEW,CARTUCHO EPSON ALTERNATIVO T0634 AMARILLO E-VIEW,0.73,0.71,,INSUMOS PARA IMPRESORAS,CARTUCHOS EPSON ALTERNATIVOS,E VIEW,10.5
T0731N N E-VIEW,CARTUCHO EPSON ALTERNATIVO T0731N NEGRO E-VIEW,1.13,1.09,,INSUMOS PARA IMPRESORAS,CARTUCHOS EPSON ALTERNATIVOS,E VIEW,10.5
T0821N N E-VIEW,CARTUCHO EPSON ALTERNATIVO T0821N NEGRO E-VIEW,1.25,1.22,,INSUMOS PARA IMPRESORAS,CARTUCHOS EPSON ALTERNATIVOS,E VIEW,10.5
T0822N C E-VIEW,CARTUCHO EPSON ALTERNATIVO T0822N CYAN E-VIEW,1.25,1.22,,INSUMOS PARA IMPRESORAS,CARTUCHOS EPSON ALTERNATIVOS,E VIEW,10.5
T0823N M E-VIEW,CARTUCHO EPSON ALTERNATIVO T0823N MAGENTA E-VIEW,1.25,1.22,,INSUMOS PARA IMPRESORAS,CARTUCHOS EPSON ALTERNATIVOS,E VIEW,10.5
T0824N A E-VIEW,CARTUCHO EPSON ALTERNATIVO T0824N AMARILLO E-VIEW,1.25,1.22,,INSUMOS PARA IMPRESORAS,CARTUCHOS EPSON ALTERNATIVOS,E VIEW,10.5
T0825N LC E-VIEW,CARTUCHO EPSON ALTERNATIVO T0825N CYAN LIGHT E-VIEW,1.25,1.22,,INSUMOS PARA IMPRESORAS,CARTUCHOS EPSON ALTERNATIVOS,E VIEW,10.5
T0826N LM E-VIEW,CARTUCHO EPSON ALTERNATIVO T0826N MAGENTA LIGHT E-VIEW,1.25,1.22,,INSUMOS PARA IMPRESORAS,CARTUCHOS EPSON ALTERNATIVOS,E VIEW,10.5
T1171 N E-VIEW,CARTUCHO EPSON ALTERNATIVO T1171 NEGRO E-VIEW,1.25,1.22,,INSUMOS PARA IMPRESORAS,CARTUCHOS EPSON ALTERNATIVOS,E VIEW,10.5
T1331 N E-VIEW,CARTUCHO EPSON ALTERNATIVO T1331 NEGRO E-VIEW,1.16,1.13,,INSUMOS PARA IMPRESORAS,CARTUCHOS EPSON ALTERNATIVOS,E VIEW,10.5
T1962 C E-VIEW,CARTUCHO EPSON ALTERNATIVO T1962 CYAN E-VIEW,2.08,2.01,,INSUMOS PARA IMPRESORAS,CARTUCHOS EPSON ALTERNATIVOS,E VIEW,10.5
T1963 M E-VIEW,CARTUCHO EPSON ALTERNATIVO T1963 MAGENTA E-VIEW,2.08,2.01,,INSUMOS PARA IMPRESORAS,CARTUCHOS EPSON ALTERNATIVOS,E VIEW,10.5
T1963 M E-VIEW (CR),CARTUCHO EPSON ALTERNATIVO T1963 MAGENTA E-VIEW (CAJA ROTA),1.33,1.28,,INSUMOS PARA IMPRESORAS,CARTUCHOS EPSON ALTERNATIVOS,E VIEW,10.5
T2963 M E-VIEW,CARTUCHO EPSON ALTERNATIVO T2963 MAGENTA E-VIEW,3.54,3.44,,INSUMOS PARA IMPRESORAS,CARTUCHOS EPSON ALTERNATIVOS,E VIEW,10.5
T2964 A E-VIEW,CARTUCHO EPSON ALTERNATIVO T2964 AMARILLO E-VIEW,3.54,3.44,,INSUMOS PARA IMPRESORAS,CARTUCHOS EPSON ALTERNATIVOS,E VIEW,10.5
ALT51625AL,CARTUCHO HP ALTERNATIVO 51625AL #25 TRICOLOR,6.0,5.81,,INSUMOS PARA IMPRESORAS,CARTUCHOS HP ALTERNATIVOS,CP,10.5
ALT51626AL,CARTUCHO HP ALTERNATIVO 51626AL #26 NEGRO,4.95,4.8,,INSUMOS PARA IMPRESORAS,CARTUCHOS HP ALTERNATIVOS,CP,10.5
ALT51649AL,CARTUCHO HP ALTERNATIVO 51649AL #49 TRICOLOR,7.82,7.58,,INSUMOS PARA IMPRESORAS,CARTUCHOS HP ALTERNATIVOS,CP,10.5
ALTC6614DL,CARTUCHO HP ALTERNATIVO C6614DL #20 NEGRO,15.37,14.91,,INSUMOS PARA IMPRESORAS,CARTUCHOS HP ALTERNATIVOS,CP,10.5
ALTCB318WL,CARTUCHO HP ALTERNATIVO CB318WL #564 CYAN,12.43,12.03,,INSUMOS PARA IMPRESORAS,CARTUCHOS HP ALTERNATIVOS,CP,10.5
ALTCB319WL,CARTUCHO HP ALTERNATIVO CB319WL #564 MAGENTA,12.43,12.03,,INSUMOS PARA IMPRESORAS,CARTUCHOS HP ALTERNATIVOS,CP,10.5
DR1060 E-VIEW,DRUM ALTERNATIVO BROTHER DR1060 E-VIEW,17.32,16.79,,INSUMOS PARA IMPRESORAS,TONER BROTHER ALTERNATIVOS,E-View,21.0
TN1060,TONER ALTERNATIVO BROTHER TN1060 E-VIEW,11.25,10.93,,INSUMOS PARA IMPRESORAS,TONER BROTHER ALTERNATIVOS,E-View,21.0
W1105A,TONER ALTERNATIVO HP 105A (W1105A) E-VIEW CON/CHIP,56.81,55.1,,INSUMOS PARA IMPRESORAS,TONER HP ALTERNATIVOS,E-View,21.0
CB435/436/285/278,TONER ALTERNATIVO HP CB435/CB436/CE285/CF278 E-VIEW,19.02,18.45,,INSUMOS PARA IMPRESORAS,TONER HP ALTERNATIVOS,E-View,21.0
CE311A/CF351A,TONER ALTERNATIVO HP CE311A/CF351A CYAN E-VIEW,14.05,13.62,,INSUMOS PARA IMPRESORAS,TONER HP ALTERNATIVOS,E-View,21.0
CE311A_GTC,TONER ALTERNATIVO HP CE311A/CF351A CYAN GTC,17.15,16.64,,INSUMOS PARA IMPRESORAS,TONER HP ALTERNATIVOS,GTC,21.0
CE312A/CF352A,TONER ALTERNATIVO HP CE312A/CF352A AMARILLO E-VIEW,14.05,13.62,,INSUMOS PARA IMPRESORAS,TONER HP ALTERNATIVOS,E-View,21.0
CE312A_GTC,TONER ALTERNATIVO HP CE312A/CF352A AMARILLO GTC,17.15,16.64,,INSUMOS PARA IMPRESORAS,TONER HP ALTERNATIVOS,GTC,21.0
CE313A/CF353A,TONER ALTERNATIVO HP CE313A/CF353A MAGENTA E-VIEW,14.05,13.62,,INSUMOS PARA IMPRESORAS,TONER HP ALTERNATIVOS,E-View,21.0
CE313A_GTC,TONER ALTERNATIVO HP CE313A/CF353A MAGENTA GTC,17.16,16.64,,INSUMOS PARA IMPRESORAS,TONER HP ALTERNATIVOS,GTC,21.0
CF217A S-C E,TONER ALTERNATIVO HP CF217A S/CHIP E-VIEW,13.37,12.97,,INSUMOS PARA IMPRESORAS,TONER HP ALTERNATIVOS,E-View,21.0
CF248A,TONER ALTERNATIVO HP CF248A C/CHIP E-VIEW,20.24,19.64,,INSUMOS PARA IMPRESORAS,TONER HP ALTERNATIVOS,E-View,21.0
CF279A,TONER ALTERNATIVO HP CF279A E-VIEW,14.7,14.25,,INSUMOS PARA IMPRESORAS,TONER HP ALTERNATIVOS,E-View,21.0
CF380A_GTC,TONER ALTERNATIVO HP CF380A GTC,18.77,18.21,,INSUMOS PARA IMPRESORAS,TONER HP ALTERNATIVOS,GTC,21.0
ALTQ1338A,TONER ALTERNATIVO HP Q1338A,19.31,18.73,,INSUMOS PARA IMPRESORAS,TONER HP ALTERNATIVOS,CP,21.0
Q6000A_GTC,TONER ALTERNATIVO HP Q6000A GTC,24.31,23.58,,INSUMOS PARA IMPRESORAS,TONER HP ALTERNATIVOS,GTC,21.0
Q6002A_GTC,TONER ALTERNATIVO HP Q6002A GTC,24.31,23.58,,INSUMOS PARA IMPRESORAS,TONER HP ALTERNATIVOS,GTC,21.0
Q6003A_GTC,TONER ALTERNATIVO HP Q6003A GTC,24.31,23.58,,INSUMOS PARA IMPRESORAS,TONER HP ALTERNATIVOS,GTC,21.0
MLT-D104S EW,TONER ALTERNATIVO SAMSUNG MLT-D104S E-VIEW,23.34,22.64,,INSUMOS PARA IMPRESORAS,TONER SAMSUNG ALTERNATIVOS,E-View,21.0
MLT-D111S NEW,TONER ALTERNATIVO SAMSUNG MLT-D111S NEW CHIP E-VIEW,18.16,17.62,,INSUMOS PARA IMPRESORAS,TONER SAMSUNG ALTERNATIVOS,E-View,21.0
HDTB510XK3AA,DISCO PORTABLE 1 TB USB 3.0 TOSHIBA CANVIO BASICS,123.09,119.4,,MEMORIAS PORTATILES,DISCOS RIGIDOS EXTERNOS,TOSHIBA,10.5
WDBUZG0010BBK,DISCO PORTABLE 1 TB USB 3.0 WD ELEMENTS,124.91,121.16,,MEMORIAS PORTATILES,DISCOS RIGIDOS EXTERNOS,WESTER DIGITAL,10.5
WDBU6Y0015BBK,DISCO PORTABLE 1.5 TB USB 3.0 WD ELEMENTS,136.7,132.6,,MEMORIAS PORTATILES,DISCOS RIGIDOS EXTERNOS,WESTER DIGITAL,10.5
WDBU6Y0020BBK,DISCO PORTABLE 2 TB USB 3.0 WD ELEMENTS,161.72,156.87,,MEMORIAS PORTATILES,DISCOS RIGIDOS EXTERNOS,WESTER DIGITAL,10.5
WDBJRT0020BBK,DISCO PORTABLE 2 TB USB 3.0 WD ELEMENTS SE,161.71,156.85,,MEMORIAS PORTATILES,DISCOS RIGIDOS EXTERNOS,WESTER DIGITAL,10.5
HDTB520XK3AA,DISCO PORTABLE CANVIO BASICS 2 TB USB 3.0 TOSHIBA,158.43,153.68,,MEMORIAS PORTATILES,DISCOS RIGIDOS EXTERNOS,TOSHIBA,10.5
STKM4000400,DISCO PORTABLE EXPANSION 4 TB USB 3.0 SEAGATE,262.05,254.19,,MEMORIAS PORTATILES,DISCOS RIGIDOS EXTERNOS,SEAGATE,10.5
AHD710P-2TU31-CBK,DISCO PORTABLE HD710P 2 TB USB 3.0 ADATA,184.37,178.84,,MEMORIAS PORTATILES,DISCOS RIGIDOS EXTERNOS,A-DATA,10.5
SDCS2-128GB,MEMORIA MICROSD 128 GB CLASE 10 CANVAS SELECT PLUS KINGSTON,21.21,20.57,,MEMORIAS PORTATILES,TARJETAS DE MEMORIA,KINGSTON,21.0
SDCS2-32GB,MEMORIA MICROSD 32 GB CLASE 10 CANVAS SELECT PLUS KINGSTON C/ADAPTER ,10.65,10.32,,MEMORIAS PORTATILES,TARJETAS DE MEMORIA,KINGSTON,21.0
SDCS2-64GB,MEMORIA MICROSD 64 GB CLASE 10 CANVAS SELECT PLUS KINGSTON C/ADAPTER,14.36,13.93,,MEMORIAS PORTATILES,TARJETAS DE MEMORIA,KINGSTON,21.0
DT70/128GB,PEN DRIVE 128 GB KINGSTON 3.2 DT70 (TIPO C),19.66,19.08,,MEMORIAS PORTATILES,PEN DRIVE,KINGSTON,21.0
DTX/32GB,PEN DRIVE 32 GB KINGSTON 3.2 DTX/32GB,12.17,11.81,,MEMORIAS PORTATILES,PEN DRIVE,KINGSTON,21.0
DTXM/32GB,PEN DRIVE 32 GB KINGSTON 3.2 DTXM/32GB,12.17,11.81,,MEMORIAS PORTATILES,PEN DRIVE,KINGSTON,21.0
DT70/64GB,PEN DRIVE 64 GB KINGSTON 3.2 DT70 (TIPO C),10.59,10.26,,MEMORIAS PORTATILES,PEN DRIVE,KINGSTON,21.0
ADS-40SG-19-33,FUENTE MONITOR 19V 1.3A 25W (5.5*1.7),14.59,14.16,,MONITORES,FUENTES PARA MONITORES,GENERAL,21.0
1951AXA,MONITOR LED 20 E-VIEW 1951AXA VGA/HDMI (1600x900),154.73,150.09,,MONITORES,MONITORES,E-View,21.0
2151AXA,MONITOR LED 22 E-VIEW 2151AXA VGA/HDMI (1920x1080),179.16,173.78,,MONITORES,MONITORES,E-View,21.0
2351AXA,MONITOR LED 24 E-VIEW 2351AXA VGA/HDMI (1920x1080),185.03,179.48,,MONITORES,MONITORES,E-View,21.0
271AXA,MONITOR LED 27 E-VIEW 271AXA VGA/HDMI (1920x1080),256.12,248.43,,MONITORES,MONITORES,E-View,21.0
ADP-65YBB,FUENTE NOTEBOOK AC ADAPTER - ADP-65YBB LENOVO/20V-3.25A/ PIN REDONDO,21.15,20.51,,NOTEBOOK,FUENTES PARA NOTEBOOK,GENERAL,21.0
15LCD40,"LED DISPLAY 15.6"" 40 PIN GLOSSY",95.91,93.04,,NOTEBOOK,REPUESTOS,GENERAL,10.5
G15RE-A386GRY-PUS,"DELL G15 RYZEN 7 6800H/16GB/SSD 512GB/15.6"" FHD 120Hz/RTX 3050 TI /W11",2521.7,2446.09,,NOTEBOOK,NOTEBOOK,DELL,10.5
544Q3UA-ABA,"HP 15-DY2033NR CORE I7-1165G7/8GB/256GB SSD/15.6"" HD/W11",1651.72,1602.25,1278.28,NOTEBOOK,NOTEBOOK,HP,10.5
677H9UA-ABA,"HP VICTUS 15-FB0028NR RYZEN 7 5800H/16GB/SSD 512GB/15.6"" FHD 144Hz/RTX 3050 TI 4GB",3337.76,3237.65,,NOTEBOOK,NOTEBOOK,HP,10.5
82LN00F8US,"LENOVO AMD RYZEN 7 5700U/8GB/512GB SSD/15.6"" FHD /W11",1720.18,1668.55,1361.36,NOTEBOOK,NOTEBOOK,LENOVO,10.5
82K100LUUS,"LENOVO GAMING I5-11300H/8GB/512GB SSD/15.6"" FHD 120Hz/GTX 1650 4GB/W11 BLACK",1936.64,1878.5,1624.35,NOTEBOOK,NOTEBOOK,LENOVO,10.5
82KB015QSP,"LENOVO V15 G2 I5-1135G7/8GB/256GB SSD /15.6"" FHD/FREEDOS/ESPAÑOL",1181.3,1145.89,1112.04,NOTEBOOK,NOTEBOOK,LENOVO,10.5
82KB015USP-B,"LENOVO V15 G2 I5-1135G7/8GB/512GB SSD/15.6"" FHD/ W11/ ESPAÑOL",1253.04,1215.5,,NOTEBOOK,NOTEBOOK,LENOVO,10.5
82KB00CBEU-B,"LENOVO V15 G2 I5-1135G7/8GB/512GB SSD/15.6"" FHD/FREEDOS",1231.27,1194.33,,NOTEBOOK,NOTEBOOK,LENOVO,10.5
82KB015MSP,"LENOVO V15 G2 I5-1135G7/8GB/512GB SSD/15.6"" FHD/FREEDOS/ ESPAÑOL",1234.89,1197.82,,NOTEBOOK,NOTEBOOK,LENOVO,10.5
82KB015WSP-B,"LENOVO V15 G2 I7-1165G7/8GB/512GB SSD/15.6"" FHD/ W11/ ESPAÑOL",1405.96,1363.78,,NOTEBOOK,NOTEBOOK,LENOVO,10.5
82KB015SSP,"LENOVO I3-1115G4/8GB/256GB SSD/15.6"" FHD/FREEDOS/ESPAÑOL",1004.73,974.61,920.47,NOTEBOOK,NOTEBOOK,LENOVO,10.5
82KB00YXUE,"LENOVO V15 I3-1115G4/4GB/256GB SSD /15.6"" FHD/FREEDOS (MALETIN)",949.54,921.05,,NOTEBOOK,NOTEBOOK,LENOVO,10.5
82K015NSP,"LENOVO V15 I3-1115G4/8GB/256GB SSD /15.6"" FHD/W11/ESPAÑOL",1013.87,983.45,,NOTEBOOK,NOTEBOOK,LENOVO,10.5
82C7003SP,"LENOVO V15 RYZEN 3 3250U/8GB/SSD 256GB/15.6"" HD/W10/ESPAÑOL",996.77,966.88,918.4,NOTEBOOK,NOTEBOOK,LENOVO,10.5
82KD00ENSP,"LENOVO V15 RYZEN 3 5300U/8GB/256GB SSD /15.6"" FHD/W11/ESPAÑOL",1070.78,1038.7,1018.54,NOTEBOOK,NOTEBOOK,LENOVO,10.5
GV15 11SC-633,"MSI GV15 11SC-633 I5-11400H/8GB/256GB SSD/15.6"" FHD/GTX1650 4GB/WIN 11",1879.61,1823.25,1569.1,NOTEBOOK,NOTEBOOK,MSI,10.5
NM-BT4,NETMAK ADAPTADOR MINI USB BLUETOOTH 4.0  NM-BT4,7.19,6.97,,NOTEBOOK,ACCESORIOS PARA NOTEBOOK,NETMAK,21.0
NM-1284,NETMAK FUENTE NOTEBOOK AUTOMATICA 65W NM-1284,33.75,32.73,,NOTEBOOK,ACCESORIOS PARA NOTEBOOK,NETMAK,21.0
NM-1287,NETMAK FUENTE NOTEBOOK AUTOMATICA 90W NM-1287,40.04,38.83,,NOTEBOOK,ACCESORIOS PARA NOTEBOOK,NETMAK,21.0
464A7LT-ABA,"HP 200 G8 21 ALL-IN-ONE CELERON J4025/4GB/1TB/20.7"" FHD/FREEDOS/ESP",880.31,853.93,813.27,PC,ALL IN ONE,HP,10.5
1S1V1LT-ABM,"HP 205 G4 ALL-IN-ONE ATHLON SILVER 3050U/4GB/1TB/21.5"" FHD/FREEDOS/ESP",980.83,951.41,906.1,PC,ALL IN ONE,HP,10.5
577G2AA,"HP 24-CB0029 ALL-IN-ONE RYZEN 5 5500U/8GB/SSD 512GB/23.8"" FHD TOUCH/W11",2050.51,1989.0,1955.02,PC,ALL IN ONE,HP,10.5
LD369B-I,E-VIEW MOUSE GAMING BLACK USB LD369B-I,4.08,3.96,,PERIFERICOS,MOUSE GAMING,E-View,10.5
LD369B-R,E-VIEW MOUSE GAMING GOMA USB LD369B-R,4.4,4.27,,PERIFERICOS,MOUSE GAMING,E-View,10.5
LD369B-B,E-VIEW MOUSE GAMING LED 3 COLORES USB LD369B-B,4.65,4.52,,PERIFERICOS,MOUSE GAMING,E-View,10.5
LD210A,E-VIEW TECLADO INALAMBRICO BLACK LD210A,9.18,8.91,,PERIFERICOS,TECLADOS,E-View,10.5
LD210A_LD990,E-VIEW TECLADO Y MOUSE INALAMBRICO LD210A+LD990,12.13,11.77,,PERIFERICOS,COMBO MOUSE+TECLADO INALAMBRICO,E-View,10.5
31030118101,GENIUS MOUSE MINI NAVIGATOR USB BLUE,9.54,6.86,,PERIFERICOS,MOUSE,GENIUS,10.5
31030117101,GENIUS MOUSE MINI NAVIGATOR USB RUBY,7.07,6.86,,PERIFERICOS,MOUSE,GENIUS,10.5
31620001101_O,GENIUS SPEED WHEEL 3 VIBRATION USB WHEEL,64.82,62.87,,PERIFERICOS,JOYSTICK/GAMEPAD/VOLANTES,GENIUS,21.0
NM-ATTAK,NETMAK COMBO TECLADO+MOUSE GAMER INALAMBRICO  / NM-ATTAK,12.49,12.11,,PERIFERICOS,TECLADOS GAMER,NETMAK,10.5
NM-NEMESIS-W,NETMAK COMBO TECLADO+MOUSE GAMER RETROILUMINADO BLANCO  / NM-NEMESIS-W,12.46,12.1,,PERIFERICOS,TECLADOS GAMER,NETMAK,10.5
NM-P310,NETMAK GAMEPAD PS3 BLUETOOTH BLACK NM-P310,25.63,24.85,,PERIFERICOS,JOYSTICK/GAMEPAD/VOLANTES,NETMAK,21.0
NM-P401,NETMAK GAMEPAD PS4 BLACK NM-P401,52.7,51.11,,PERIFERICOS,JOYSTICK/GAMEPAD/VOLANTES,NETMAK,21.0
NM-P401-R,NETMAK GAMEPAD PS4 RED NM-P401-R,54.03,52.41,,PERIFERICOS,JOYSTICK/GAMEPAD/VOLANTES,NETMAK,21.0
NM-GLADIUS-2,NETMAK PAD MOUSE GAMER GRANDE NM-GLADIUS-2,12.06,11.71,,PERIFERICOS,PAD MOUSE,NETMAK,21.0
NM-NORDIC-2,NETMAK PAD MOUSE GAMER GRANDE NM-NORDIC-2,12.2,11.82,,PERIFERICOS,PAD MOUSE,NETMAK,21.0
NM-ARENA,NETMAK PAD MOUSE GAMER NM-ARENA,4.22,4.09,,PERIFERICOS,PAD MOUSE,NETMAK,21.0
NM-GLADIUS,NETMAK PAD MOUSE GAMER NM-GLADIUS,4.55,4.4,,PERIFERICOS,PAD MOUSE,NETMAK,21.0
NM-PGEL,NETMAK PAD MOUSE GEL BLACK NM-PGEL,8.49,8.24,,PERIFERICOS,PAD MOUSE,NETMAK,21.0
NM-PGEL-B,NETMAK PAD MOUSE GEL BLUE NM-PGEL-B,8.49,8.24,,PERIFERICOS,PAD MOUSE,NETMAK,21.0
NM-PGEL-R,NETMAK PAD MOUSE GEL RED NM-PGEL-R,10.24,8.25,,PERIFERICOS,PAD MOUSE,NETMAK,21.0
NM-DARK,NETMAK TECLADO GAMER COMPACTO RETROILUMINADO NEGRO  / NM-DARK,12.6,12.22,,PERIFERICOS,TECLADOS GAMER,NETMAK,10.5
NM-ZAKRO,NETMAK TECLADO GAMER RETROILUMINADO USB NM-ZAKRO,8.02,7.79,,PERIFERICOS,TECLADOS GAMER,NETMAK,10.5
WEB1080P/WEB,WEBCAM 1080P HD/USB/ MICROFONO / E-VIEW,17.22,16.7,,PERIFERICOS,CAMARAS WEB,E VIEW,21.0
WEB1080P,WEBCAM 1080P HD/USB/ MICROFONO / E-VIEW,12.91,12.52,,PERIFERICOS,CAMARAS WEB,E VIEW,21.0
WEB1080P_CR,WEBCAM 1080P HD/USB/ MICROFONO / E-VIEW (CAJA ROTA),17.04,16.52,,PERIFERICOS,CAMARAS WEB,E VIEW,21.0
400900-TIPO8,CABLE DE ALIMENTACION TIPO 8 220V,1.69,1.65,,PRODUCTOS EN OUTLET,CABLES,GENERAL,21.0
CADS1W12D4,"CADENCE SUBWOOFER S1W12-D4 900W 12""",67.97,65.94,,PRODUCTOS EN OUTLET,OUTLET,CADENCE,10.5
CADS1W15D2,"CADENCE SUBWOOFER S1W15-D2 1200W 15""",99.47,96.49,,PRODUCTOS EN OUTLET,OUTLET,CADENCE,10.5
NM-PB4-W ,NETMAK CARGADOR PORTABLE 10000MAH MICRO/TIPOC BLANCO NM-PB4-W ,29.49,28.6,,PRODUCTOS NETMAK / NO USADO,PILAS Y CARGADORES,NETMAK,21.0
NM-PB4,NETMAK CARGADOR PORTABLE 10000MAH MICRO/TIPOC NEGRO NM-PB4,29.49,28.6,,PRODUCTOS NETMAK / NO USADO,PILAS Y CARGADORES,NETMAK,21.0
NM-PB3-W,NETMAK CARGADOR PORTABLE 5000MAH MICRO/TIPOC BLANCO NM-PB3-W,23.91,23.2,,PRODUCTOS NETMAK / NO USADO,PILAS Y CARGADORES,NETMAK,21.0
NM-PB3,NETMAK CARGADOR PORTABLE 5000MAH MICRO/TIPOC NEGRO NM-PB3,23.91,23.2,,PRODUCTOS NETMAK / NO USADO,PILAS Y CARGADORES,NETMAK,21.0
ARG-CAB-PLUG-1TO4/E,SEG CONECTOR DE ALIMENTACION 1 A 4 PLUG,4.65,4.61,,SEGURIDAD,ACCESORIOS,GENERAL,10.5
ARG-12VDC-3A/E,SEG FUENTE 12 VDC 3A REGULADA SWITCHING,32.74,32.42,,SEGURIDAD,ACCESORIOS,GENERAL,10.5
GC029-BLUE_OUT,SILLA NIBIO ROOKIE BLUE PU GAMING BASE ASIENTO CROMADA (OUTLET),109.4,106.12,,SILLAS GAMING,SILLAS NIBIO,Nibio,21.0
GC029-RED_OUT,SILLA NIBIO ROOKIE RED PU GAMING BASE ASIENTO CROMADA (OUTLET),109.4,106.12,,SILLAS GAMING,SILLAS NIBIO,Nibio,21.0
MICWIN10PRO,SERVICIO TECNICO DE CONFIGURACION WIN 10 PRO,127.76,123.93,,SOFTWARE,SISTEMAS OPERATIVOS,MICROSOFT,21.0
NM-FN15,"NETMAK FUNDA NOTEBOOK NEOPRENNE 15.6"" NEGRO C/CIERRE  NM-FN15",17.84,17.3,,TABLETS,SOPORTES Y ACCESORIOS,NETMAK,21.0
ZA870052US,"TABLET LENOVO TAB M8 8""/3GB/32GB/ANDROID 11/BLACK /SIN FUENTE",188.56,182.91,174.2,TABLETS,TABLETS LENOVO,LENOVO,10.5
C2-VS22,MINI TECLADO INALAMBRICO PARA TV BOX C2-VS22 E-VIEW,12.07,11.7,,TELEVISORES Y ACCESORIOS,CONVERTIDORES SMART,E-View,10.5
NM-ST18,"NETMAK SOPORTE  DOBLE MONITOR 10""-32"" DOS BRAZOS ARTICULADOS NM-ST18",66.57,64.58,,TELEVISORES Y ACCESORIOS,SOPORTES,NETMAK,21.0
NM-ST03,"NETMAK SOPORTE  TV/MONI 23""- 42"" FIJO NM-ST03",9.1,8.83,,TELEVISORES Y ACCESORIOS,SOPORTES,NETMAK,21.0
NM-ST16,"NETMAK SOPORTE  TV/MONI 23""-60"" BRAZO ARTICULADO C/INCLINACION NM-ST16",32.78,31.8,,TELEVISORES Y ACCESORIOS,SOPORTES,NETMAK,21.0
NM-ST13,"NETMAK SOPORTE  TV/MONI 23""-75"" DOS BRAZOS ARTICULADOS C/INCLINACION NM-ST13",62.16,60.29,,TELEVISORES Y ACCESORIOS,SOPORTES,NETMAK,21.0
NM-ST09,"NETMAK SOPORTE  TV/MONI 32""-55""C/INCLINACION NM-ST09",17.46,16.93,,TELEVISORES Y ACCESORIOS,SOPORTES,NETMAK,21.0
BAT-LYONN 7AH,BATERIA INTERNA P/UPS 12V - 7AH LYONN,30.26,29.35,,UNIDADES DE ENERGIA,BATERIAS,TRV,21.0
BAT-LYONN 9AH,BATERIA INTERNA P/UPS 12V - 9AH LYONN,38.62,37.46,,UNIDADES DE ENERGIA,BATERIAS,TRV,21.0
TCA-1200N-V,ESTABILIZADOR LYONN TCA-1200N-V,29.44,28.56,,UNIDADES DE ENERGIA,ESTABILIZADORES DE TENSION,LYONN,21.0
TCA-2000-H,ESTABILIZADOR LYONN TCA-2000H P/HELADERA,32.21,31.24,,UNIDADES DE ENERGIA,ESTABILIZADORES DE TENSION,GENERAL,21.0
NM-CH4,NETMAK CARGADOR USB P/4 PILAS AA/AAA  NM-CH4,13.25,12.85,,UNIDADES DE ENERGIA,PILAS,NETMAK,21.0
NM-CR2032,NETMAK PILA CR2032 3V BLISTER X5 NM-CR2032,3.06,2.98,,UNIDADES DE ENERGIA,PILAS,NETMAK,21.0
NM-AA270,NETMAK PILAS RECARGABLES AA 2700 (X2),8.32,8.08,,UNIDADES DE ENERGIA,PILAS,NETMAK,21.0
NM-AAA110,NETMAK PILAS RECARGABLES AAA 1100 (X2),5.05,4.9,,UNIDADES DE ENERGIA,PILAS,NETMAK,21.0
CTB-1200AP DISPLAY,UPS LYONN CTB-1200AP (DISPLAY),137.85,133.71,,UNIDADES DE ENERGIA,UPS,LYONN,10.5
CTB-800AP,UPS LYONN CTB-800AP (LED),71.77,69.62,,UNIDADES DE ENERGIA,UPS,LYONN,10.5
CTB-800KS,UPS LYONN CTB-800KS (LED),71.77,69.62,,UNIDADES DE ENERGIA,UPS,LYONN,10.5
